flightid,lat,lon,flightlevel,speed,dt_radar,dt_radar_formated
a0a06bda4afb87d6f0b597f264e1508f,-0.5129034359,-0.8849009324,251.0,416,1672532281000,"Saturday, December 31, 2022 09:18:01"
a0a06bda4afb87d6f0b597f264e1508f,-0.4371924812,-0.8456236447,390.0,501,1672534324000,"Saturday, December 31, 2022 09:52:04"
a0a06bda4afb87d6f0b597f264e1508f,-0.4660808756,-0.8602299882,390.0,507,1672533546000,"Saturday, December 31, 2022 09:39:06"
a0a06bda4afb87d6f0b597f264e1508f,-0.4639690175,-0.8591487344,390.0,508,1672533602000,"Saturday, December 31, 2022 09:40:02"
a0a06bda4afb87d6f0b597f264e1508f,-0.493151507,-0.8743234811,387.0,515,1672532820000,"Saturday, December 31, 2022 09:27:00"
a0a06bda4afb87d6f0b597f264e1508f,-0.4351245183,-0.8445982419,390.0,501,1672534381000,"Saturday, December 31, 2022 09:53:01"
a0a06bda4afb87d6f0b597f264e1508f,-0.4954314067,-0.8755394446,375.0,513,1672532760000,"Saturday, December 31, 2022 09:26:00"
a0a06bda4afb87d6f0b597f264e1508f,-0.4349783796,-0.8445278471,390.0,501,1672534385000,"Saturday, December 31, 2022 09:53:05"
a0a06bda4afb87d6f0b597f264e1508f,-0.5087215587,-0.8826437109,290.0,460,1672532406000,"Saturday, December 31, 2022 09:20:06"
a0a06bda4afb87d6f0b597f264e1508f,-0.4819687133,-0.868452464,390.0,507,1672533121000,"Saturday, December 31, 2022 09:32:01"
a0a06bda4afb87d6f0b597f264e1508f,-0.4864319014,-0.8707903921,390.0,508,1672533000000,"Saturday, December 31, 2022 09:30:00"
a0a06bda4afb87d6f0b597f264e1508f,-0.4329197739,-0.8435041132,390.0,501,1672534441000,"Saturday, December 31, 2022 09:54:01"
a0a06bda4afb87d6f0b597f264e1508f,-0.5088311031,-0.8826955681,289.0,459,1672532402000,"Saturday, December 31, 2022 09:20:02"
a0a06bda4afb87d6f0b597f264e1508f,-0.4327657681,-0.8434303805,390.0,501,1672534445000,"Saturday, December 31, 2022 09:54:05"
a0a06bda4afb87d6f0b597f264e1508f,-0.4308549102,-0.8424892606,390.0,501,1672534501000,"Saturday, December 31, 2022 09:55:01"
a0a06bda4afb87d6f0b597f264e1508f,-0.5234635014,-0.8922536963,19.0,151,1672531803000,"Saturday, December 31, 2022 09:10:03"
a0a06bda4afb87d6f0b597f264e1508f,-0.4305557193,-0.8423437622,390.0,501,1672534505000,"Saturday, December 31, 2022 09:55:05"
a0a06bda4afb87d6f0b597f264e1508f,-0.4818219191,-0.8683657968,390.0,507,1672533125000,"Saturday, December 31, 2022 09:32:05"
a0a06bda4afb87d6f0b597f264e1508f,-0.4638251436,-0.859075717,390.0,508,1672533606000,"Saturday, December 31, 2022 09:40:06"
a0a06bda4afb87d6f0b597f264e1508f,-0.4617155205,-0.8579961918,390.0,509,1672533663000,"Saturday, December 31, 2022 09:41:03"
a0a06bda4afb87d6f0b597f264e1508f,-0.428507037,-0.8413290884,390.0,499,1672534561000,"Saturday, December 31, 2022 09:56:01"
a0a06bda4afb87d6f0b597f264e1508f,-0.4283578289,-0.8412529715,390.0,499,1672534565000,"Saturday, December 31, 2022 09:56:05"
a0a06bda4afb87d6f0b597f264e1508f,-0.4262950214,-0.8402426489,390.0,497,1672534621000,"Saturday, December 31, 2022 09:57:01"
a0a06bda4afb87d6f0b597f264e1508f,-0.4886679059,-0.8719617106,390.0,510,1672532940000,"Saturday, December 31, 2022 09:29:00"
a0a06bda4afb87d6f0b597f264e1508f,-0.5180700205,-0.8877127882,183.0,339,1672532104000,"Saturday, December 31, 2022 09:15:04"
a0a06bda4afb87d6f0b597f264e1508f,-0.4594712019,-0.8568447221,390.0,510,1672533723000,"Saturday, December 31, 2022 09:42:03"
a0a06bda4afb87d6f0b597f264e1508f,-0.426146171,-0.8401652803,390.0,498,1672534625000,"Saturday, December 31, 2022 09:57:05"
a0a06bda4afb87d6f0b597f264e1508f,-0.4241025546,-0.8391607395,383.0,497,1672534682000,"Saturday, December 31, 2022 09:58:02"
a0a06bda4afb87d6f0b597f264e1508f,-0.4239532274,-0.8390844438,381.0,497,1672534686000,"Saturday, December 31, 2022 09:58:06"
a0a06bda4afb87d6f0b597f264e1508f,-0.5020891178,-0.8790856469,337.0,506,1672532583000,"Saturday, December 31, 2022 09:23:03"
a0a06bda4afb87d6f0b597f264e1508f,-0.5211072842,-0.8893726379,113.0,299,1672531983000,"Saturday, December 31, 2022 09:13:03"
a0a06bda4afb87d6f0b597f264e1508f,-0.4217812629,-0.8380190452,354.0,496,1672534742000,"Saturday, December 31, 2022 09:59:02"
a0a06bda4afb87d6f0b597f264e1508f,-0.4217812629,-0.8380190452,355.0,497,1672534746000,"Saturday, December 31, 2022 09:59:06"
a0a06bda4afb87d6f0b597f264e1508f,-0.4907539275,-0.8730533954,390.0,514,1672532884000,"Saturday, December 31, 2022 09:28:04"
a0a06bda4afb87d6f0b597f264e1508f,-0.5196197933,-0.8885682542,152.0,331,1672532044000,"Saturday, December 31, 2022 09:14:04"
a0a06bda4afb87d6f0b597f264e1508f,-0.4885191449,-0.8718740301,390.0,509,1672532944000,"Saturday, December 31, 2022 09:29:04"
a0a06bda4afb87d6f0b597f264e1508f,-0.5043359098,-0.8802824172,322.0,498,1672532523000,"Saturday, December 31, 2022 09:22:03"
a0a06bda4afb87d6f0b597f264e1508f,-0.454997703,-0.8545650291,390.0,505,1672533843000,"Saturday, December 31, 2022 09:44:03"
a0a06bda4afb87d6f0b597f264e1508f,-0.4572225623,-0.8557002264,390.0,507,1672533783000,"Saturday, December 31, 2022 09:43:03"
a0a06bda4afb87d6f0b597f264e1508f,-0.4909036124,-0.8731416124,390.0,514,1672532880000,"Saturday, December 31, 2022 09:28:00"
a0a06bda4afb87d6f0b597f264e1508f,-0.4930007792,-0.8742371716,388.0,515,1672532824000,"Saturday, December 31, 2022 09:27:04"
a0a06bda4afb87d6f0b597f264e1508f,-0.4527684333,-0.8534282226,390.0,502,1672533903000,"Saturday, December 31, 2022 09:45:03"
a0a06bda4afb87d6f0b597f264e1508f,-0.5065555244,-0.8814779357,306.0,481,1672532462000,"Saturday, December 31, 2022 09:21:02"
a0a06bda4afb87d6f0b597f264e1508f,-0.4862821868,-0.8707080761,390.0,508,1672533004000,"Saturday, December 31, 2022 09:30:04"
a0a06bda4afb87d6f0b597f264e1508f,-0.4505325182,-0.8522944559,390.0,505,1672533963000,"Saturday, December 31, 2022 09:46:03"
a0a06bda4afb87d6f0b597f264e1508f,-0.4997978048,-0.877857047,353.0,511,1672532643000,"Saturday, December 31, 2022 09:24:03"
a0a06bda4afb87d6f0b597f264e1508f,-0.4795872258,-0.8672056842,390.0,506,1672533185000,"Saturday, December 31, 2022 09:33:05"
a0a06bda4afb87d6f0b597f264e1508f,-0.484202453,-0.869614782,390.0,507,1672533060000,"Saturday, December 31, 2022 09:31:00"
a0a06bda4afb87d6f0b597f264e1508f,-0.5128070035,-0.8848532476,253.0,419,1672532285000,"Saturday, December 31, 2022 09:18:05"
a0a06bda4afb87d6f0b597f264e1508f,-0.5108056433,-0.8837658544,274.0,443,1672532345000,"Saturday, December 31, 2022 09:19:05"
a0a06bda4afb87d6f0b597f264e1508f,-0.484202453,-0.869614782,390.0,507,1672533064000,"Saturday, December 31, 2022 09:31:04"
a0a06bda4afb87d6f0b597f264e1508f,-0.5165502861,-0.8868790188,207.0,362,1672532164000,"Saturday, December 31, 2022 09:16:04"
a0a06bda4afb87d6f0b597f264e1508f,-0.5063725531,-0.8813689759,307.0,481,1672532466000,"Saturday, December 31, 2022 09:21:06"
a0a06bda4afb87d6f0b597f264e1508f,-0.5165502861,-0.8868790188,207.0,362,1672532160000,"Saturday, December 31, 2022 09:16:00"
a0a06bda4afb87d6f0b597f264e1508f,-0.514936384,-0.8860106182,231.0,385,1672532221000,"Saturday, December 31, 2022 09:17:01"
a0a06bda4afb87d6f0b597f264e1508f,-0.4484630951,-0.8512496214,390.0,504,1672534020000,"Saturday, December 31, 2022 09:47:00"
a0a06bda4afb87d6f0b597f264e1508f,-0.5181791477,-0.8877706657,181.0,339,1672532100000,"Saturday, December 31, 2022 09:15:00"
a0a06bda4afb87d6f0b597f264e1508f,-0.5224336771,-0.8900984608,82.0,283,1672531923000,"Saturday, December 31, 2022 09:12:03"
a0a06bda4afb87d6f0b597f264e1508f,-0.4483118905,-0.8511741005,390.0,504,1672534024000,"Saturday, December 31, 2022 09:47:04"
a0a06bda4afb87d6f0b597f264e1508f,-0.5234912749,-0.8910708143,42.0,229,1672531863000,"Saturday, December 31, 2022 09:11:03"
a0a06bda4afb87d6f0b597f264e1508f,-0.4753140715,-0.8649874451,390.0,502,1672533301000,"Saturday, December 31, 2022 09:35:01"
a0a06bda4afb87d6f0b597f264e1508f,-0.4751648337,-0.8649077518,390.0,502,1672533305000,"Saturday, December 31, 2022 09:35:05"
a0a06bda4afb87d6f0b597f264e1508f,-0.4731466068,-0.8638657784,390.0,502,1672533361000,"Saturday, December 31, 2022 09:36:01"
a0a06bda4afb87d6f0b597f264e1508f,-0.5197164641,-0.8886171312,150.0,331,1672532040000,"Saturday, December 31, 2022 09:14:00"
a0a06bda4afb87d6f0b597f264e1508f,-0.4729897998,-0.8637880521,390.0,502,1672533365000,"Saturday, December 31, 2022 09:36:05"
a0a06bda4afb87d6f0b597f264e1508f,-0.4462294151,-0.8501336769,390.0,504,1672534080000,"Saturday, December 31, 2022 09:48:00"
a0a06bda4afb87d6f0b597f264e1508f,-0.446079164,-0.8500590502,390.0,504,1672534084000,"Saturday, December 31, 2022 09:48:04"
a0a06bda4afb87d6f0b597f264e1508f,-0.444002887,-0.8490162423,390.0,504,1672534140000,"Saturday, December 31, 2022 09:49:00"
a0a06bda4afb87d6f0b597f264e1508f,-0.4707299256,-0.862616078,390.0,505,1672533426000,"Saturday, December 31, 2022 09:37:06"
a0a06bda4afb87d6f0b597f264e1508f,-0.4438516824,-0.8489396485,390.0,504,1672534144000,"Saturday, December 31, 2022 09:49:04"
a0a06bda4afb87d6f0b597f264e1508f,-0.4417844942,-0.8479070929,390.0,503,1672534200000,"Saturday, December 31, 2022 09:50:00"
a0a06bda4afb87d6f0b597f264e1508f,-0.4416337664,-0.8478316317,390.0,503,1672534204000,"Saturday, December 31, 2022 09:50:04"
a0a06bda4afb87d6f0b597f264e1508f,-0.5147032893,-0.8858818692,233.0,388,1672532225000,"Saturday, December 31, 2022 09:17:05"
a0a06bda4afb87d6f0b597f264e1508f,-0.4975897824,-0.8766965172,366.0,511,1672532703000,"Saturday, December 31, 2022 09:25:03"
a0a06bda4afb87d6f0b597f264e1508f,-0.4397143857,-0.8468750142,390.0,502,1672534260000,"Saturday, December 31, 2022 09:51:00"
a0a06bda4afb87d6f0b597f264e1508f,-0.4776626003,-0.8662043622,390.0,504,1672533241000,"Saturday, December 31, 2022 09:34:01"
a0a06bda4afb87d6f0b597f264e1508f,-0.5109079761,-0.8838146121,272.0,442,1672532341000,"Saturday, December 31, 2022 09:19:01"
a0a06bda4afb87d6f0b597f264e1508f,-0.4394114401,-0.8467226611,390.0,502,1672534264000,"Saturday, December 31, 2022 09:51:04"
a0a06bda4afb87d6f0b597f264e1508f,-0.437343656,-0.8456984503,390.0,501,1672534320000,"Saturday, December 31, 2022 09:52:00"
a0a06bda4afb87d6f0b597f264e1508f,-0.4708819647,-0.8626948772,390.0,505,1672533422000,"Saturday, December 31, 2022 09:37:02"
a0a06bda4afb87d6f0b597f264e1508f,-0.4773705019,-0.8660562412,390.0,503,1672533245000,"Saturday, December 31, 2022 09:34:05"
a0a06bda4afb87d6f0b597f264e1508f,-0.4953258853,-0.8754840705,376.0,513,1672532764000,"Saturday, December 31, 2022 09:26:04"
a0a06bda4afb87d6f0b597f264e1508f,-0.4797358974,-0.8672870465,390.0,506,1672533181000,"Saturday, December 31, 2022 09:33:01"
a0a06bda4afb87d6f0b597f264e1508f,-0.4662267461,-0.8603052706,390.0,506,1672533542000,"Saturday, December 31, 2022 09:39:02"
de515fc08d2fab7812adeacc218ead49,-0.3694352644,-0.7690737401,260.0,394,1672533301000,"Saturday, December 31, 2022 09:35:01"
de515fc08d2fab7812adeacc218ead49,-0.3933277977,-0.7604684147,114.0,356,1672534080000,"Saturday, December 31, 2022 09:48:00"
de515fc08d2fab7812adeacc218ead49,-0.3993755053,-0.7555354775,29.0,206,1672534441000,"Saturday, December 31, 2022 09:54:01"
de515fc08d2fab7812adeacc218ead49,-0.3638681097,-0.7692966668,260.0,388,1672533121000,"Saturday, December 31, 2022 09:32:01"
de515fc08d2fab7812adeacc218ead49,-0.378925067,-0.7654953505,251.0,405,1672533602000,"Saturday, December 31, 2022 09:40:02"
de515fc08d2fab7812adeacc218ead49,-0.3809406716,-0.7649301063,238.0,427,1672533663000,"Saturday, December 31, 2022 09:41:03"
de515fc08d2fab7812adeacc218ead49,-0.3429553859,-0.7671228937,31.0,169,1672532341000,"Saturday, December 31, 2022 09:19:01"
de515fc08d2fab7812adeacc218ead49,-0.3983376349,-0.7573007703,53.0,264,1672534320000,"Saturday, December 31, 2022 09:52:00"
de515fc08d2fab7812adeacc218ead49,-0.3547984854,-0.7681738676,205.0,362,1672532820000,"Saturday, December 31, 2022 09:27:00"
de515fc08d2fab7812adeacc218ead49,-0.3993774721,-0.7554622217,29.0,205,1672534445000,"Saturday, December 31, 2022 09:54:05"
de515fc08d2fab7812adeacc218ead49,-0.4004839417,-0.7536311238,7.0,137,1672534621000,"Saturday, December 31, 2022 09:57:01"
de515fc08d2fab7812adeacc218ead49,-0.3584174428,-0.7687243295,247.0,357,1672532944000,"Saturday, December 31, 2022 09:29:04"
de515fc08d2fab7812adeacc218ead49,-0.3973362098,-0.7579393895,65.0,294,1672534264000,"Saturday, December 31, 2022 09:51:04"
de515fc08d2fab7812adeacc218ead49,-0.3565543243,-0.768465818,232.0,359,1672532880000,"Saturday, December 31, 2022 09:28:00"
de515fc08d2fab7812adeacc218ead49,-0.3481220301,-0.7670334846,118.0,333,1672532583000,"Saturday, December 31, 2022 09:23:03"
de515fc08d2fab7812adeacc218ead49,-0.3567075553,-0.7684921043,233.0,358,1672532884000,"Saturday, December 31, 2022 09:28:04"
de515fc08d2fab7812adeacc218ead49,-0.3947802142,-0.759557217,96.0,334,1672534140000,"Saturday, December 31, 2022 09:49:00"
de515fc08d2fab7812adeacc218ead49,-0.382922334,-0.7643701075,223.0,427,1672533723000,"Saturday, December 31, 2022 09:42:03"
de515fc08d2fab7812adeacc218ead49,-0.399966437,-0.7540096223,13.0,144,1672534565000,"Saturday, December 31, 2022 09:56:05"
de515fc08d2fab7812adeacc218ead49,-0.3713862031,-0.7684710634,260.0,413,1672533361000,"Saturday, December 31, 2022 09:36:01"
de515fc08d2fab7812adeacc218ead49,-0.3465303289,-0.7667620387,87.0,329,1672532523000,"Saturday, December 31, 2022 09:22:03"
de515fc08d2fab7812adeacc218ead49,-0.397253545,-0.7579919025,66.0,296,1672534260000,"Saturday, December 31, 2022 09:51:00"
de515fc08d2fab7812adeacc218ead49,-0.3904062171,-0.7622365089,149.0,399,1672533963000,"Saturday, December 31, 2022 09:46:03"
de515fc08d2fab7812adeacc218ead49,-0.3948742925,-0.759498505,95.0,332,1672534144000,"Saturday, December 31, 2022 09:49:04"
de515fc08d2fab7812adeacc218ead49,-0.3848846563,-0.7638204205,203.0,425,1672533783000,"Saturday, December 31, 2022 09:43:03"
de515fc08d2fab7812adeacc218ead49,-0.3548717931,-0.7681820932,207.0,362,1672532824000,"Saturday, December 31, 2022 09:27:04"
de515fc08d2fab7812adeacc218ead49,-0.3996168545,-0.7546545001,20.0,153,1672534505000,"Saturday, December 31, 2022 09:55:05"
de515fc08d2fab7812adeacc218ead49,-0.3995911968,-0.7547014101,21.0,155,1672534501000,"Saturday, December 31, 2022 09:55:01"
de515fc08d2fab7812adeacc218ead49,-0.3437436524,-0.7663930772,49.0,212,1672532406000,"Saturday, December 31, 2022 09:20:06"
de515fc08d2fab7812adeacc218ead49,-0.3436862876,-0.7664387355,47.0,210,1672532402000,"Saturday, December 31, 2022 09:20:02"
de515fc08d2fab7812adeacc218ead49,-0.3676024821,-0.7696251557,260.0,389,1672533241000,"Saturday, December 31, 2022 09:34:01"
de515fc08d2fab7812adeacc218ead49,-0.3429971355,-0.767082004,32.0,170,1672532345000,"Saturday, December 31, 2022 09:19:05"
de515fc08d2fab7812adeacc218ead49,-0.3867977791,-0.763283072,183.0,424,1672533843000,"Saturday, December 31, 2022 09:44:03"
de515fc08d2fab7812adeacc218ead49,-0.3999428355,-0.7540536711,13.0,144,1672534561000,"Saturday, December 31, 2022 09:56:01"
de515fc08d2fab7812adeacc218ead49,-0.3600949081,-0.7688931338,256.0,366,1672533000000,"Saturday, December 31, 2022 09:30:00"
de515fc08d2fab7812adeacc218ead49,-0.3886545204,-0.7627573466,166.0,414,1672533903000,"Saturday, December 31, 2022 09:45:03"
de515fc08d2fab7812adeacc218ead49,-0.3583044417,-0.7687071033,246.0,357,1672532940000,"Saturday, December 31, 2022 09:29:00"
de515fc08d2fab7812adeacc218ead49,-0.3677271052,-0.7696371961,260.0,389,1672533245000,"Saturday, December 31, 2022 09:34:05"
de515fc08d2fab7812adeacc218ead49,-0.3961387015,-0.7586997243,80.0,311,1672534204000,"Saturday, December 31, 2022 09:50:04"
de515fc08d2fab7812adeacc218ead49,-0.3695579207,-0.7690367844,260.0,396,1672533305000,"Saturday, December 31, 2022 09:35:05"
de515fc08d2fab7812adeacc218ead49,-0.3530371335,-0.7678724994,183.0,352,1672532760000,"Saturday, December 31, 2022 09:26:00"
de515fc08d2fab7812adeacc218ead49,-0.3657461282,-0.7694983736,260.0,389,1672533181000,"Saturday, December 31, 2022 09:33:01"
de515fc08d2fab7812adeacc218ead49,-0.3621089332,-0.769111292,260.0,385,1672533064000,"Saturday, December 31, 2022 09:31:04"
de515fc08d2fab7812adeacc218ead49,-0.3993800945,-0.7565856169,38.0,243,1672534385000,"Saturday, December 31, 2022 09:53:05"
de515fc08d2fab7812adeacc218ead49,-0.377033132,-0.7660532035,260.0,414,1672533542000,"Saturday, December 31, 2022 09:39:02"
de515fc08d2fab7812adeacc218ead49,-0.344929807,-0.766477539,62.0,287,1672532462000,"Saturday, December 31, 2022 09:21:02"
de515fc08d2fab7812adeacc218ead49,-0.3450333616,-0.7664967918,62.0,290,1672532466000,"Saturday, December 31, 2022 09:21:06"
de515fc08d2fab7812adeacc218ead49,-0.3771524806,-0.7659904384,260.0,414,1672533546000,"Saturday, December 31, 2022 09:39:06"
de515fc08d2fab7812adeacc218ead49,-0.351431933,-0.76759855,165.0,343,1672532703000,"Saturday, December 31, 2022 09:25:03"
de515fc08d2fab7812adeacc218ead49,-0.3619853531,-0.769097821,260.0,384,1672533060000,"Saturday, December 31, 2022 09:31:00"
de515fc08d2fab7812adeacc218ead49,-0.3734369417,-0.7678485974,260.0,436,1672533422000,"Saturday, December 31, 2022 09:37:02"
de515fc08d2fab7812adeacc218ead49,-0.3639927328,-0.7693100781,260.0,388,1672533125000,"Saturday, December 31, 2022 09:32:05"
de515fc08d2fab7812adeacc218ead49,-0.3531362777,-0.7678877586,185.0,353,1672532764000,"Saturday, December 31, 2022 09:26:04"
de515fc08d2fab7812adeacc218ead49,-0.3993129553,-0.756630083,39.0,243,1672534381000,"Saturday, December 31, 2022 09:53:01"
de515fc08d2fab7812adeacc218ead49,-0.3658710195,-0.7695118446,260.0,389,1672533185000,"Saturday, December 31, 2022 09:33:05"
de515fc08d2fab7812adeacc218ead49,-0.3934233063,-0.7604115505,112.0,354,1672534084000,"Saturday, December 31, 2022 09:48:04"
de515fc08d2fab7812adeacc218ead49,-0.3497434418,-0.7673061227,142.0,335,1672532643000,"Saturday, December 31, 2022 09:24:03"
de515fc08d2fab7812adeacc218ead49,-0.3919479439,-0.7613456965,131.0,369,1672534024000,"Saturday, December 31, 2022 09:47:04"
de515fc08d2fab7812adeacc218ead49,-0.373572859,-0.7678067539,260.0,436,1672533426000,"Saturday, December 31, 2022 09:37:06"
de515fc08d2fab7812adeacc218ead49,-0.3984118664,-0.7572532047,52.0,262,1672534324000,"Saturday, December 31, 2022 09:52:04"
de515fc08d2fab7812adeacc218ead49,-0.4005234564,-0.7536112154,6.0,137,1672534625000,"Saturday, December 31, 2022 09:57:05"
de515fc08d2fab7812adeacc218ead49,-0.391878391,-0.7613893281,132.0,374,1672534020000,"Saturday, December 31, 2022 09:47:00"
de515fc08d2fab7812adeacc218ead49,-0.3602132434,-0.768906724,256.0,367,1672533004000,"Saturday, December 31, 2022 09:30:04"
de515fc08d2fab7812adeacc218ead49,-0.3960507919,-0.7587549791,81.0,312,1672534200000,"Saturday, December 31, 2022 09:50:00"
de515fc08d2fab7812adeacc218ead49,-0.3790508822,-0.7654585736,250.0,406,1672533606000,"Saturday, December 31, 2022 09:40:06"
de515fc08d2fab7812adeacc218ead49,-0.371513985,-0.7684311869,260.0,415,1672533365000,"Saturday, December 31, 2022 09:36:05"
ca6748b51a420a782146f7ae33fba4ab,-0.4019685719,-0.8218780248,39.0,174,1672533426000,"Saturday, December 31, 2022 09:37:06"
8ee5f8c8fb6aa749a1ca6c4963511c49,-0.3569635363,-0.784884245,314.0,368,1672534682000,"Saturday, December 31, 2022 09:58:02"
8ee5f8c8fb6aa749a1ca6c4963511c49,-0.3570434894,-0.7849781245,314.0,368,1672534686000,"Saturday, December 31, 2022 09:58:06"
8ee5f8c8fb6aa749a1ca6c4963511c49,-0.3441894885,-0.7739340175,170.0,336,1672534080000,"Saturday, December 31, 2022 09:48:00"
8ee5f8c8fb6aa749a1ca6c4963511c49,-0.3448560523,-0.7756447111,192.0,353,1672534140000,"Saturday, December 31, 2022 09:49:00"
8ee5f8c8fb6aa749a1ca6c4963511c49,-0.358221002,-0.7864167165,319.0,388,1672534742000,"Saturday, December 31, 2022 09:59:02"
8ee5f8c8fb6aa749a1ca6c4963511c49,-0.3464274299,-0.77635903,212.0,357,1672534200000,"Saturday, December 31, 2022 09:50:00"
8ee5f8c8fb6aa749a1ca6c4963511c49,-0.3449394621,-0.7757186822,194.0,351,1672534144000,"Saturday, December 31, 2022 09:49:04"
8ee5f8c8fb6aa749a1ca6c4963511c49,-0.3443507058,-0.7706274314,121.0,307,1672533963000,"Saturday, December 31, 2022 09:46:03"
8ee5f8c8fb6aa749a1ca6c4963511c49,-0.354686706,-0.7821876077,305.0,337,1672534565000,"Saturday, December 31, 2022 09:56:05"
8ee5f8c8fb6aa749a1ca6c4963511c49,-0.3582997631,-0.7865172123,319.0,388,1672534746000,"Saturday, December 31, 2022 09:59:06"
8ee5f8c8fb6aa749a1ca6c4963511c49,-0.3534962603,-0.7808698967,292.0,339,1672534501000,"Saturday, December 31, 2022 09:55:01"
8ee5f8c8fb6aa749a1ca6c4963511c49,-0.344146964,-0.772213012,145.0,324,1672534020000,"Saturday, December 31, 2022 09:47:00"
8ee5f8c8fb6aa749a1ca6c4963511c49,-0.3524562443,-0.7796821866,276.0,338,1672534445000,"Saturday, December 31, 2022 09:54:05"
8ee5f8c8fb6aa749a1ca6c4963511c49,-0.3441370407,-0.7723037324,146.0,324,1672534024000,"Saturday, December 31, 2022 09:47:04"
8ee5f8c8fb6aa749a1ca6c4963511c49,-0.3558359683,-0.7835335123,310.0,346,1672534625000,"Saturday, December 31, 2022 09:57:05"
8ee5f8c8fb6aa749a1ca6c4963511c49,-0.349539998,-0.7778965085,238.0,358,1672534320000,"Saturday, December 31, 2022 09:52:00"
8ee5f8c8fb6aa749a1ca6c4963511c49,-0.3557567602,-0.7834485141,310.0,345,1672534621000,"Saturday, December 31, 2022 09:57:01"
8ee5f8c8fb6aa749a1ca6c4963511c49,-0.3546133089,-0.7821078548,304.0,336,1672534561000,"Saturday, December 31, 2022 09:56:01"
8ee5f8c8fb6aa749a1ca6c4963511c49,-0.3430194258,-0.7670656719,34.0,164,1672533723000,"Saturday, December 31, 2022 09:42:03"
8ee5f8c8fb6aa749a1ca6c4963511c49,-0.3535719818,-0.7809457156,292.0,338,1672534505000,"Saturday, December 31, 2022 09:55:05"
8ee5f8c8fb6aa749a1ca6c4963511c49,-0.3481033158,-0.7770794288,228.0,352,1672534264000,"Saturday, December 31, 2022 09:51:04"
8ee5f8c8fb6aa749a1ca6c4963511c49,-0.3438145463,-0.7665971684,47.0,214,1672533783000,"Saturday, December 31, 2022 09:43:03"
8ee5f8c8fb6aa749a1ca6c4963511c49,-0.349640811,-0.7779501539,239.0,358,1672534324000,"Saturday, December 31, 2022 09:52:04"
8ee5f8c8fb6aa749a1ca6c4963511c49,-0.344555729,-0.7676009938,72.0,261,1672533843000,"Saturday, December 31, 2022 09:44:03"
8ee5f8c8fb6aa749a1ca6c4963511c49,-0.3441982794,-0.7740517394,171.0,336,1672534084000,"Saturday, December 31, 2022 09:48:04"
8ee5f8c8fb6aa749a1ca6c4963511c49,-0.3510810691,-0.7787555509,264.0,344,1672534385000,"Saturday, December 31, 2022 09:53:05"
8ee5f8c8fb6aa749a1ca6c4963511c49,-0.3480025028,-0.7770335917,227.0,352,1672534260000,"Saturday, December 31, 2022 09:51:00"
8ee5f8c8fb6aa749a1ca6c4963511c49,-0.3445220254,-0.7690571697,94.0,292,1672533903000,"Saturday, December 31, 2022 09:45:03"
8ee5f8c8fb6aa749a1ca6c4963511c49,-0.3523823704,-0.7796026125,274.0,339,1672534441000,"Saturday, December 31, 2022 09:54:01"
8ee5f8c8fb6aa749a1ca6c4963511c49,-0.3465346499,-0.7763906808,213.0,356,1672534204000,"Saturday, December 31, 2022 09:50:04"
8ee5f8c8fb6aa749a1ca6c4963511c49,-0.3509900603,-0.7787070316,263.0,347,1672534381000,"Saturday, December 31, 2022 09:53:01"
ca6748b51a420a782146f7ae33fba4ab,-0.3800230437,-0.7851395377,250.0,496,1672534565000,"Saturday, December 31, 2022 09:56:05"
ca6748b51a420a782146f7ae33fba4ab,-0.393927431,-0.8089556716,205.0,461,1672533903000,"Saturday, December 31, 2022 09:45:03"
ca6748b51a420a782146f7ae33fba4ab,-0.3797114562,-0.7802461194,250.0,477,1672534686000,"Saturday, December 31, 2022 09:58:06"
ca6748b51a420a782146f7ae33fba4ab,-0.4006950739,-0.8194038969,94.0,286,1672533546000,"Saturday, December 31, 2022 09:39:06"
ca6748b51a420a782146f7ae33fba4ab,-0.4015013098,-0.8227001115,0.0,108,1672533361000,"Saturday, December 31, 2022 09:36:01"
ca6748b51a420a782146f7ae33fba4ab,-0.3897863796,-0.8028053405,243.0,499,1672534080000,"Saturday, December 31, 2022 09:48:00"
ca6748b51a420a782146f7ae33fba4ab,-0.3800656278,-0.7853489934,250.0,497,1672534561000,"Saturday, December 31, 2022 09:56:01"
ca6748b51a420a782146f7ae33fba4ab,-0.3797256111,-0.7804119434,250.0,477,1672534682000,"Saturday, December 31, 2022 09:58:02"
ca6748b51a420a782146f7ae33fba4ab,-0.3791918654,-0.7778102585,250.0,488,1672534746000,"Saturday, December 31, 2022 09:59:06"
ca6748b51a420a782146f7ae33fba4ab,-0.3977695598,-0.8147053904,153.0,408,1672533723000,"Saturday, December 31, 2022 09:42:03"
ca6748b51a420a782146f7ae33fba4ab,-0.4015337022,-0.822656003,0.0,123,1672533365000,"Saturday, December 31, 2022 09:36:05"
ca6748b51a420a782146f7ae33fba4ab,-0.3882211705,-0.8004837444,250.0,513,1672534140000,"Saturday, December 31, 2022 09:49:00"
ca6748b51a420a782146f7ae33fba4ab,-0.3999978758,-0.8180463095,117.0,331,1672533602000,"Saturday, December 31, 2022 09:40:02"
ca6748b51a420a782146f7ae33fba4ab,-0.3864390183,-0.7985909543,250.0,484,1672534204000,"Saturday, December 31, 2022 09:50:04"
ca6748b51a420a782146f7ae33fba4ab,-0.3817011646,-0.789916307,250.0,496,1672534445000,"Saturday, December 31, 2022 09:54:05"
ca6748b51a420a782146f7ae33fba4ab,-0.3897083933,-0.8026894663,243.0,500,1672534084000,"Saturday, December 31, 2022 09:48:04"
ca6748b51a420a782146f7ae33fba4ab,-0.4007269896,-0.8195027833,92.0,285,1672533542000,"Saturday, December 31, 2022 09:39:02"
ca6748b51a420a782146f7ae33fba4ab,-0.3989449566,-0.8164688354,133.0,371,1672533663000,"Saturday, December 31, 2022 09:41:03"
ca6748b51a420a782146f7ae33fba4ab,-0.3817839189,-0.7901103843,250.0,496,1672534441000,"Saturday, December 31, 2022 09:54:01"
ca6748b51a420a782146f7ae33fba4ab,-0.3846088584,-0.7969357539,250.0,491,1672534264000,"Saturday, December 31, 2022 09:51:04"
ca6748b51a420a782146f7ae33fba4ab,-0.3808335708,-0.7877285861,250.0,494,1672534501000,"Saturday, December 31, 2022 09:55:01"
ca6748b51a420a782146f7ae33fba4ab,-0.3912347731,-0.8049539598,233.0,485,1672534020000,"Saturday, December 31, 2022 09:47:00"
ca6748b51a420a782146f7ae33fba4ab,-0.3826497843,-0.7922382011,250.0,497,1672534385000,"Saturday, December 31, 2022 09:53:05"
ca6748b51a420a782146f7ae33fba4ab,-0.3965386458,-0.8128533708,174.0,428,1672533783000,"Saturday, December 31, 2022 09:43:03"
ca6748b51a420a782146f7ae33fba4ab,-0.3798542274,-0.7827185784,250.0,471,1672534625000,"Saturday, December 31, 2022 09:57:05"
ca6748b51a420a782146f7ae33fba4ab,-0.3835936658,-0.7946207741,250.0,497,1672534324000,"Saturday, December 31, 2022 09:52:04"
ca6748b51a420a782146f7ae33fba4ab,-0.3798597702,-0.7828875019,250.0,471,1672534621000,"Saturday, December 31, 2022 09:57:01"
ca6748b51a420a782146f7ae33fba4ab,-0.3911644454,-0.804848159,233.0,486,1672534024000,"Saturday, December 31, 2022 09:47:04"
ca6748b51a420a782146f7ae33fba4ab,-0.3827078344,-0.7924030118,250.0,497,1672534381000,"Saturday, December 31, 2022 09:53:01"
ca6748b51a420a782146f7ae33fba4ab,-0.3952675913,-0.8109542624,190.0,439,1672533843000,"Saturday, December 31, 2022 09:44:03"
ca6748b51a420a782146f7ae33fba4ab,-0.3925452528,-0.8068992032,220.0,477,1672533963000,"Saturday, December 31, 2022 09:46:03"
ca6748b51a420a782146f7ae33fba4ab,-0.3836613413,-0.7947796838,250.0,498,1672534320000,"Saturday, December 31, 2022 09:52:00"
ca6748b51a420a782146f7ae33fba4ab,-0.3865710317,-0.7986889466,250.0,483,1672534200000,"Saturday, December 31, 2022 09:50:00"
ca6748b51a420a782146f7ae33fba4ab,-0.3880984248,-0.8003054627,250.0,513,1672534144000,"Saturday, December 31, 2022 09:49:04"
ca6748b51a420a782146f7ae33fba4ab,-0.379240469,-0.7779747712,250.0,489,1672534742000,"Saturday, December 31, 2022 09:59:02"
ca6748b51a420a782146f7ae33fba4ab,-0.384706602,-0.7970776163,250.0,492,1672534260000,"Saturday, December 31, 2022 09:51:00"
ca6748b51a420a782146f7ae33fba4ab,-0.3807731068,-0.7875678882,249.0,495,1672534505000,"Saturday, December 31, 2022 09:55:05"
ca6748b51a420a782146f7ae33fba4ab,-0.3999291573,-0.817946827,119.0,334,1672533606000,"Saturday, December 31, 2022 09:40:06"
ca6748b51a420a782146f7ae33fba4ab,-0.4019732505,-0.8219485388,37.0,173,1672533422000,"Saturday, December 31, 2022 09:37:02"
b654db0ec73febc808b40b72c8b6a669,-0.4009160996,-0.819864294,78.0,277,1672534746000,"Saturday, December 31, 2022 09:59:06"
2e823aa81391bd46a1240e5ac099bb90,-0.4085524092,-0.7969993535,270.0,495,1672534505000,"Saturday, December 31, 2022 09:55:05"
2e823aa81391bd46a1240e5ac099bb90,-0.4098373504,-0.8130357057,203.0,364,1672534084000,"Saturday, December 31, 2022 09:48:04"
2e823aa81391bd46a1240e5ac099bb90,-0.4081812218,-0.8162503196,166.0,336,1672533963000,"Saturday, December 31, 2022 09:46:03"
2e823aa81391bd46a1240e5ac099bb90,-0.4090725662,-0.8148454646,185.0,340,1672534020000,"Saturday, December 31, 2022 09:47:00"
2e823aa81391bd46a1240e5ac099bb90,-0.4094517101,-0.8046004959,270.0,400,1672534320000,"Saturday, December 31, 2022 09:52:00"
2e823aa81391bd46a1240e5ac099bb90,-0.4050901991,-0.8200316082,98.0,279,1672533783000,"Saturday, December 31, 2022 09:43:03"
2e823aa81391bd46a1240e5ac099bb90,-0.4094411311,-0.8044253137,270.0,400,1672534324000,"Saturday, December 31, 2022 09:52:04"
2e823aa81391bd46a1240e5ac099bb90,-0.4064031224,-0.7867216015,270.0,506,1672534742000,"Saturday, December 31, 2022 09:59:02"
2e823aa81391bd46a1240e5ac099bb90,-0.4069480729,-0.7893408702,270.0,504,1672534682000,"Saturday, December 31, 2022 09:58:02"
2e823aa81391bd46a1240e5ac099bb90,-0.4098324632,-0.8131320887,203.0,360,1672534080000,"Saturday, December 31, 2022 09:48:00"
2e823aa81391bd46a1240e5ac099bb90,-0.4080436954,-0.794549068,270.0,499,1672534561000,"Saturday, December 31, 2022 09:56:01"
2e823aa81391bd46a1240e5ac099bb90,-0.4098343406,-0.8107549398,220.0,395,1672534144000,"Saturday, December 31, 2022 09:49:04"
2e823aa81391bd46a1240e5ac099bb90,-0.4080073693,-0.7943819327,270.0,501,1672534565000,"Saturday, December 31, 2022 09:56:05"
2e823aa81391bd46a1240e5ac099bb90,-0.4063681075,-0.786553274,270.0,506,1672534746000,"Saturday, December 31, 2022 09:59:06"
2e823aa81391bd46a1240e5ac099bb90,-0.4072396945,-0.8177246753,140.0,332,1672533903000,"Saturday, December 31, 2022 09:45:03"
2e823aa81391bd46a1240e5ac099bb90,-0.4092958567,-0.80209126,270.0,443,1672534385000,"Saturday, December 31, 2022 09:53:05"
2e823aa81391bd46a1240e5ac099bb90,-0.403898621,-0.8207463444,70.0,274,1672533723000,"Saturday, December 31, 2022 09:42:03"
2e823aa81391bd46a1240e5ac099bb90,-0.4090877343,-0.7995622349,270.0,479,1672534445000,"Saturday, December 31, 2022 09:54:05"
2e823aa81391bd46a1240e5ac099bb90,-0.4069131474,-0.7891745097,270.0,505,1672534686000,"Saturday, December 31, 2022 09:58:06"
2e823aa81391bd46a1240e5ac099bb90,-0.4095744558,-0.806585735,259.0,400,1672534264000,"Saturday, December 31, 2022 09:51:04"
2e823aa81391bd46a1240e5ac099bb90,-0.4085875134,-0.7971627337,270.0,495,1672534501000,"Saturday, December 31, 2022 09:55:01"
2e823aa81391bd46a1240e5ac099bb90,-0.4098425951,-0.8108866692,218.0,395,1672534140000,"Saturday, December 31, 2022 09:49:00"
2e823aa81391bd46a1240e5ac099bb90,-0.4063257023,-0.8191925935,120.0,317,1672533843000,"Saturday, December 31, 2022 09:44:03"
2e823aa81391bd46a1240e5ac099bb90,-0.4097098367,-0.8087730982,236.0,400,1672534200000,"Saturday, December 31, 2022 09:50:00"
2e823aa81391bd46a1240e5ac099bb90,-0.4091402417,-0.8147399619,186.0,340,1672534024000,"Saturday, December 31, 2022 09:47:04"
2e823aa81391bd46a1240e5ac099bb90,-0.409306525,-0.8022454608,270.0,439,1672534381000,"Saturday, December 31, 2022 09:53:01"
2e823aa81391bd46a1240e5ac099bb90,-0.4095793132,-0.8066790781,258.0,400,1672534260000,"Saturday, December 31, 2022 09:51:00"
2e823aa81391bd46a1240e5ac099bb90,-0.4091130046,-0.7997639418,270.0,475,1672534441000,"Saturday, December 31, 2022 09:54:01"
2e823aa81391bd46a1240e5ac099bb90,-0.4074651306,-0.7917915133,270.0,503,1672534625000,"Saturday, December 31, 2022 09:57:05"
2e823aa81391bd46a1240e5ac099bb90,-0.4097011351,-0.8086377925,237.0,400,1672534204000,"Saturday, December 31, 2022 09:50:04"
2e823aa81391bd46a1240e5ac099bb90,-0.4075045559,-0.7919583506,270.0,503,1672534621000,"Saturday, December 31, 2022 09:57:01"
b654db0ec73febc808b40b72c8b6a669,-0.4009691732,-0.8199481598,77.0,277,1672534742000,"Saturday, December 31, 2022 09:59:02"
b654db0ec73febc808b40b72c8b6a669,-0.4016763841,-0.8210881851,49.0,235,1672534686000,"Saturday, December 31, 2022 09:58:06"
b654db0ec73febc808b40b72c8b6a669,-0.4017162563,-0.8211535729,47.0,233,1672534682000,"Saturday, December 31, 2022 09:58:02"
b654db0ec73febc808b40b72c8b6a669,-0.401899466,-0.8221429141,31.0,170,1672534621000,"Saturday, December 31, 2022 09:57:01"
b654db0ec73febc808b40b72c8b6a669,-0.4019372821,-0.8220901032,33.0,171,1672534625000,"Saturday, December 31, 2022 09:57:05"
33ce5d33ca3414163a9a53b8ef481306,-0.3639084588,-0.8009688185,300.0,368,1672533963000,"Saturday, December 31, 2022 09:46:03"
20f2b9c6854bba1577031f1acfb27c12,-0.3591721845,-0.7954894727,360.0,393,1672533422000,"Saturday, December 31, 2022 09:37:02"
20f2b9c6854bba1577031f1acfb27c12,-0.3903733777,-0.8138497455,281.0,381,1672534565000,"Saturday, December 31, 2022 09:56:05"
20f2b9c6854bba1577031f1acfb27c12,-0.3623857443,-0.7977729209,360.0,390,1672533546000,"Saturday, December 31, 2022 09:39:06"
20f2b9c6854bba1577031f1acfb27c12,-0.3902296528,-0.8137655818,282.0,379,1672534561000,"Saturday, December 31, 2022 09:56:01"
20f2b9c6854bba1577031f1acfb27c12,-0.3821797209,-0.8091018256,360.0,392,1672534260000,"Saturday, December 31, 2022 09:51:00"
20f2b9c6854bba1577031f1acfb27c12,-0.3450495727,-0.7697053855,116.0,304,1672532402000,"Saturday, December 31, 2022 09:20:02"
20f2b9c6854bba1577031f1acfb27c12,-0.3943555659,-0.8175035368,235.0,368,1672534742000,"Saturday, December 31, 2022 09:59:02"
20f2b9c6854bba1577031f1acfb27c12,-0.3806277132,-0.8082076752,360.0,391,1672534204000,"Saturday, December 31, 2022 09:50:04"
20f2b9c6854bba1577031f1acfb27c12,-0.3453116031,-0.7714576245,145.0,318,1672532466000,"Saturday, December 31, 2022 09:21:06"
20f2b9c6854bba1577031f1acfb27c12,-0.3426144454,-0.7674472102,0.0,104,1672532160000,"Saturday, December 31, 2022 09:16:00"
20f2b9c6854bba1577031f1acfb27c12,-0.3887384965,-0.8128984926,300.0,374,1672534505000,"Saturday, December 31, 2022 09:55:05"
20f2b9c6854bba1577031f1acfb27c12,-0.3639111706,-0.7986334534,360.0,389,1672533602000,"Saturday, December 31, 2022 09:40:02"
20f2b9c6854bba1577031f1acfb27c12,-0.3804936435,-0.8081261938,360.0,391,1672534200000,"Saturday, December 31, 2022 09:50:00"
20f2b9c6854bba1577031f1acfb27c12,-0.3426496391,-0.7674161555,25.0,108,1672532164000,"Saturday, December 31, 2022 09:16:04"
20f2b9c6854bba1577031f1acfb27c12,-0.3442833879,-0.7667762845,53.0,291,1672532281000,"Saturday, December 31, 2022 09:18:01"
20f2b9c6854bba1577031f1acfb27c12,-0.344824673,-0.7681540188,88.0,298,1672532341000,"Saturday, December 31, 2022 09:19:01"
20f2b9c6854bba1577031f1acfb27c12,-0.3443399183,-0.7668522226,55.0,296,1672532285000,"Saturday, December 31, 2022 09:18:05"
20f2b9c6854bba1577031f1acfb27c12,-0.388606483,-0.8128227333,301.0,375,1672534501000,"Saturday, December 31, 2022 09:55:01"
20f2b9c6854bba1577031f1acfb27c12,-0.3789699159,-0.8072494484,360.0,391,1672534144000,"Saturday, December 31, 2022 09:49:04"
20f2b9c6854bba1577031f1acfb27c12,-0.3452956005,-0.7713518238,143.0,318,1672532462000,"Saturday, December 31, 2022 09:21:02"
20f2b9c6854bba1577031f1acfb27c12,-0.343289979,-0.7668230157,40.0,174,1672532225000,"Saturday, December 31, 2022 09:17:05"
20f2b9c6854bba1577031f1acfb27c12,-0.354343024,-0.7847322496,324.0,360,1672533060000,"Saturday, December 31, 2022 09:31:00"
33ce5d33ca3414163a9a53b8ef481306,-0.3452837104,-0.7712180678,130.0,314,1672532760000,"Saturday, December 31, 2022 09:26:00"
33ce5d33ca3414163a9a53b8ef481306,-0.3561109319,-0.7908252396,300.0,364,1672533542000,"Saturday, December 31, 2022 09:39:02"
33ce5d33ca3414163a9a53b8ef481306,-0.346717651,-0.7798130814,229.0,357,1672533064000,"Saturday, December 31, 2022 09:31:04"
33ce5d33ca3414163a9a53b8ef481306,-0.3719875052,-0.8081387706,300.0,363,1672534324000,"Saturday, December 31, 2022 09:52:04"
33ce5d33ca3414163a9a53b8ef481306,-0.3677728779,-0.8047620879,300.0,365,1672534144000,"Saturday, December 31, 2022 09:49:04"
33ce5d33ca3414163a9a53b8ef481306,-0.3443116382,-0.7668096043,57.0,256,1672532583000,"Saturday, December 31, 2022 09:23:03"
20f2b9c6854bba1577031f1acfb27c12,-0.3788382898,-0.8071736891,360.0,391,1672534140000,"Saturday, December 31, 2022 09:49:00"
20f2b9c6854bba1577031f1acfb27c12,-0.3871789792,-0.8119930767,320.0,382,1672534445000,"Saturday, December 31, 2022 09:54:05"
20f2b9c6854bba1577031f1acfb27c12,-0.3931505778,-0.8162851891,246.0,370,1672534686000,"Saturday, December 31, 2022 09:58:06"
20f2b9c6854bba1577031f1acfb27c12,-0.3543817936,-0.7848471104,324.0,360,1672533064000,"Saturday, December 31, 2022 09:31:04"
20f2b9c6854bba1577031f1acfb27c12,-0.3771809395,-0.8062216016,360.0,391,1672534084000,"Saturday, December 31, 2022 09:48:04"
20f2b9c6854bba1577031f1acfb27c12,-0.3550326231,-0.7865185237,333.0,374,1672533121000,"Saturday, December 31, 2022 09:32:01"
20f2b9c6854bba1577031f1acfb27c12,-0.353712965,-0.7830121978,320.0,346,1672533000000,"Saturday, December 31, 2022 09:30:00"
20f2b9c6854bba1577031f1acfb27c12,-0.3550894514,-0.786626649,333.0,374,1672533125000,"Saturday, December 31, 2022 09:32:05"
20f2b9c6854bba1577031f1acfb27c12,-0.3432435508,-0.7668648591,39.0,169,1672532221000,"Saturday, December 31, 2022 09:17:01"
20f2b9c6854bba1577031f1acfb27c12,-0.3770949072,-0.8061758838,360.0,391,1672534080000,"Saturday, December 31, 2022 09:48:00"
20f2b9c6854bba1577031f1acfb27c12,-0.3526364442,-0.7816377418,306.0,338,1672532940000,"Saturday, December 31, 2022 09:29:00"
20f2b9c6854bba1577031f1acfb27c12,-0.3870944667,-0.8119420539,320.0,382,1672534441000,"Saturday, December 31, 2022 09:54:01"
20f2b9c6854bba1577031f1acfb27c12,-0.3502119853,-0.7792612486,283.0,319,1672532820000,"Saturday, December 31, 2022 09:27:00"
20f2b9c6854bba1577031f1acfb27c12,-0.3559881861,-0.7882421518,339.0,390,1672533181000,"Saturday, December 31, 2022 09:33:01"
20f2b9c6854bba1577031f1acfb27c12,-0.3930440432,-0.8161767061,247.0,372,1672534682000,"Saturday, December 31, 2022 09:58:02"
20f2b9c6854bba1577031f1acfb27c12,-0.3450645323,-0.7698077886,118.0,305,1672532406000,"Saturday, December 31, 2022 09:20:06"
20f2b9c6854bba1577031f1acfb27c12,-0.3755302643,-0.8052683817,360.0,391,1672534024000,"Saturday, December 31, 2022 09:47:04"
20f2b9c6854bba1577031f1acfb27c12,-0.385597112,-0.8110766336,338.0,392,1672534385000,"Saturday, December 31, 2022 09:53:05"
20f2b9c6854bba1577031f1acfb27c12,-0.3503019512,-0.7793219872,284.0,320,1672532824000,"Saturday, December 31, 2022 09:27:04"
20f2b9c6854bba1577031f1acfb27c12,-0.3490175166,-0.7783513623,266.0,326,1672532764000,"Saturday, December 31, 2022 09:26:04"
20f2b9c6854bba1577031f1acfb27c12,-0.3560473687,-0.7883527807,340.0,390,1672533185000,"Saturday, December 31, 2022 09:33:05"
20f2b9c6854bba1577031f1acfb27c12,-0.3754323121,-0.8052167032,360.0,391,1672534020000,"Saturday, December 31, 2022 09:47:00"
20f2b9c6854bba1577031f1acfb27c12,-0.3569081979,-0.7899856884,348.0,392,1672533241000,"Saturday, December 31, 2022 09:34:01"
20f2b9c6854bba1577031f1acfb27c12,-0.3855094705,-0.8110249552,339.0,392,1672534381000,"Saturday, December 31, 2022 09:53:01"
20f2b9c6854bba1577031f1acfb27c12,-0.3917537977,-0.8148640021,263.0,379,1672534621000,"Saturday, December 31, 2022 09:57:01"
20f2b9c6854bba1577031f1acfb27c12,-0.3515797702,-0.7804418061,301.0,321,1672532884000,"Saturday, December 31, 2022 09:28:04"
20f2b9c6854bba1577031f1acfb27c12,-0.3738685036,-0.804316175,360.0,390,1672533963000,"Saturday, December 31, 2022 09:46:03"
20f2b9c6854bba1577031f1acfb27c12,-0.3527070402,-0.7817209519,307.0,339,1672532944000,"Saturday, December 31, 2022 09:29:04"
20f2b9c6854bba1577031f1acfb27c12,-0.3622761403,-0.7977061621,360.0,389,1672533542000,"Saturday, December 31, 2022 09:39:02"
20f2b9c6854bba1577031f1acfb27c12,-0.3569570697,-0.7901149143,350.0,392,1672533245000,"Saturday, December 31, 2022 09:34:05"
20f2b9c6854bba1577031f1acfb27c12,-0.3515128396,-0.7803670601,300.0,322,1672532880000,"Saturday, December 31, 2022 09:28:00"
20f2b9c6854bba1577031f1acfb27c12,-0.3448373379,-0.7682512959,89.0,298,1672532345000,"Saturday, December 31, 2022 09:19:05"
20f2b9c6854bba1577031f1acfb27c12,-0.3721990843,-0.8033631935,360.0,390,1672533903000,"Saturday, December 31, 2022 09:45:03"
20f2b9c6854bba1577031f1acfb27c12,-0.3839744189,-0.810136527,360.0,392,1672534324000,"Saturday, December 31, 2022 09:52:04"
20f2b9c6854bba1577031f1acfb27c12,-0.370539797,-0.8024103312,360.0,389,1672533843000,"Saturday, December 31, 2022 09:44:03"
20f2b9c6854bba1577031f1acfb27c12,-0.3575393893,-0.7918884924,360.0,393,1672533301000,"Saturday, December 31, 2022 09:35:01"
20f2b9c6854bba1577031f1acfb27c12,-0.3575777715,-0.7920195661,360.0,392,1672533305000,"Saturday, December 31, 2022 09:35:05"
20f2b9c6854bba1577031f1acfb27c12,-0.3918665902,-0.8149798166,262.0,377,1672534625000,"Saturday, December 31, 2022 09:57:05"
20f2b9c6854bba1577031f1acfb27c12,-0.3688943369,-0.8014694497,360.0,390,1672533783000,"Saturday, December 31, 2022 09:43:03"
20f2b9c6854bba1577031f1acfb27c12,-0.3944429988,-0.8175900252,235.0,368,1672534746000,"Saturday, December 31, 2022 09:59:06"
20f2b9c6854bba1577031f1acfb27c12,-0.3467950711,-0.7760221366,223.0,325,1672532643000,"Saturday, December 31, 2022 09:24:03"
20f2b9c6854bba1577031f1acfb27c12,-0.3838614177,-0.8100675032,360.0,392,1672534320000,"Saturday, December 31, 2022 09:52:00"
20f2b9c6854bba1577031f1acfb27c12,-0.3672334404,-0.800525409,360.0,390,1672533723000,"Saturday, December 31, 2022 09:42:03"
20f2b9c6854bba1577031f1acfb27c12,-0.3479160831,-0.7771941108,242.0,326,1672532703000,"Saturday, December 31, 2022 09:25:03"
20f2b9c6854bba1577031f1acfb27c12,-0.3489624762,-0.7782962863,264.0,326,1672532760000,"Saturday, December 31, 2022 09:26:00"
20f2b9c6854bba1577031f1acfb27c12,-0.3537568007,-0.7831176409,320.0,346,1672533004000,"Saturday, December 31, 2022 09:30:04"
20f2b9c6854bba1577031f1acfb27c12,-0.3581757062,-0.7937777657,360.0,394,1672533361000,"Saturday, December 31, 2022 09:36:01"
20f2b9c6854bba1577031f1acfb27c12,-0.3582362893,-0.7938955473,360.0,392,1672533365000,"Saturday, December 31, 2022 09:36:05"
20f2b9c6854bba1577031f1acfb27c12,-0.345547797,-0.7730346218,169.0,327,1672532523000,"Saturday, December 31, 2022 09:22:03"
20f2b9c6854bba1577031f1acfb27c12,-0.3822935863,-0.8091701937,360.0,392,1672534264000,"Saturday, December 31, 2022 09:51:04"
20f2b9c6854bba1577031f1acfb27c12,-0.3655667329,-0.7995749906,360.0,389,1672533663000,"Saturday, December 31, 2022 09:41:03"
20f2b9c6854bba1577031f1acfb27c12,-0.3592526144,-0.7955964059,360.0,393,1672533426000,"Saturday, December 31, 2022 09:37:06"
20f2b9c6854bba1577031f1acfb27c12,-0.3458084267,-0.7747331558,194.0,332,1672532583000,"Saturday, December 31, 2022 09:23:03"
20f2b9c6854bba1577031f1acfb27c12,-0.3640222049,-0.7986989008,360.0,389,1672533606000,"Saturday, December 31, 2022 09:40:06"
46c1b7cef82a3a287f7e643d1ad75030,-0.3433340828,-0.7667636481,37.0,174,1672534501000,"Saturday, December 31, 2022 09:55:01"
46c1b7cef82a3a287f7e643d1ad75030,-0.3438222049,-0.7679973741,87.0,286,1672534621000,"Saturday, December 31, 2022 09:57:01"
33ce5d33ca3414163a9a53b8ef481306,-0.3748600351,-0.8102320159,300.0,369,1672534445000,"Saturday, December 31, 2022 09:54:05"
33ce5d33ca3414163a9a53b8ef481306,-0.3561744056,-0.7909329478,300.0,364,1672533546000,"Saturday, December 31, 2022 09:39:06"
33ce5d33ca3414163a9a53b8ef481306,-0.3475563985,-0.7814946873,238.0,369,1672533121000,"Saturday, December 31, 2022 09:32:01"
46c1b7cef82a3a287f7e643d1ad75030,-0.3433857558,-0.7667113139,38.0,183,1672534505000,"Saturday, December 31, 2022 09:55:05"
46c1b7cef82a3a287f7e643d1ad75030,-0.3427468165,-0.7673267464,0.0,150,1672534445000,"Saturday, December 31, 2022 09:54:05"
46c1b7cef82a3a287f7e643d1ad75030,-0.3411238255,-0.7694421651,143.0,313,1672534742000,"Saturday, December 31, 2022 09:59:02"
46c1b7cef82a3a287f7e643d1ad75030,-0.3443349715,-0.7667782515,57.0,287,1672534561000,"Saturday, December 31, 2022 09:56:01"
46c1b7cef82a3a287f7e643d1ad75030,-0.3443781217,-0.7668736808,59.0,289,1672534565000,"Saturday, December 31, 2022 09:56:05"
46c1b7cef82a3a287f7e643d1ad75030,-0.3425069573,-0.7686916654,114.0,301,1672534682000,"Saturday, December 31, 2022 09:58:02"
46c1b7cef82a3a287f7e643d1ad75030,-0.3437340271,-0.7680398732,88.0,284,1672534625000,"Saturday, December 31, 2022 09:57:05"
46c1b7cef82a3a287f7e643d1ad75030,-0.3410524845,-0.7694816839,143.0,313,1672534746000,"Saturday, December 31, 2022 09:59:06"
46c1b7cef82a3a287f7e643d1ad75030,-0.3427158246,-0.7673611987,0.0,134,1672534441000,"Saturday, December 31, 2022 09:54:01"
46c1b7cef82a3a287f7e643d1ad75030,-0.3424150246,-0.7687410788,116.0,303,1672534686000,"Saturday, December 31, 2022 09:58:06"
33ce5d33ca3414163a9a53b8ef481306,-0.3571077082,-0.7923606915,300.0,364,1672533602000,"Saturday, December 31, 2022 09:40:02"
33ce5d33ca3414163a9a53b8ef481306,-0.343327348,-0.7667585815,37.0,174,1672532523000,"Saturday, December 31, 2022 09:22:03"
33ce5d33ca3414163a9a53b8ef481306,-0.3486792581,-0.7830510609,255.0,381,1672533181000,"Saturday, December 31, 2022 09:33:01"
33ce5d33ca3414163a9a53b8ef481306,-0.346717651,-0.7798130814,228.0,358,1672533060000,"Saturday, December 31, 2022 09:31:00"
33ce5d33ca3414163a9a53b8ef481306,-0.3718908045,-0.8080683163,300.0,363,1672534320000,"Saturday, December 31, 2022 09:52:00"
33ce5d33ca3414163a9a53b8ef481306,-0.3762805956,-0.811089747,300.0,375,1672534501000,"Saturday, December 31, 2022 09:55:01"
33ce5d33ca3414163a9a53b8ef481306,-0.348767734,-0.7831316483,256.0,379,1672533185000,"Saturday, December 31, 2022 09:33:05"
33ce5d33ca3414163a9a53b8ef481306,-0.3764468789,-0.8111748644,300.0,375,1672534505000,"Saturday, December 31, 2022 09:55:05"
33ce5d33ca3414163a9a53b8ef481306,-0.3455362048,-0.7728978259,151.0,325,1672532820000,"Saturday, December 31, 2022 09:27:00"
33ce5d33ca3414163a9a53b8ef481306,-0.3781550381,-0.8116244729,300.0,381,1672534561000,"Saturday, December 31, 2022 09:56:01"
33ce5d33ca3414163a9a53b8ef481306,-0.3782742376,-0.8116505803,300.0,379,1672534565000,"Saturday, December 31, 2022 09:56:05"
33ce5d33ca3414163a9a53b8ef481306,-0.3571793173,-0.7924617237,300.0,364,1672533606000,"Saturday, December 31, 2022 09:40:06"
33ce5d33ca3414163a9a53b8ef481306,-0.3663953782,-0.8034619011,300.0,366,1672534080000,"Saturday, December 31, 2022 09:48:00"
33ce5d33ca3414163a9a53b8ef481306,-0.3463033134,-0.7780653128,215.0,338,1672533000000,"Saturday, December 31, 2022 09:30:00"
33ce5d33ca3414163a9a53b8ef481306,-0.3501329858,-0.7839125472,272.0,369,1672533241000,"Saturday, December 31, 2022 09:34:01"
33ce5d33ca3414163a9a53b8ef481306,-0.3453008453,-0.7713240474,132.0,316,1672532764000,"Saturday, December 31, 2022 09:26:04"
33ce5d33ca3414163a9a53b8ef481306,-0.3733707264,-0.8092004736,300.0,363,1672534385000,"Saturday, December 31, 2022 09:53:05"
33ce5d33ca3414163a9a53b8ef481306,-0.358164561,-0.793820086,300.0,362,1672533663000,"Saturday, December 31, 2022 09:41:03"
33ce5d33ca3414163a9a53b8ef481306,-0.3800444699,-0.8120178132,300.0,376,1672534625000,"Saturday, December 31, 2022 09:57:05"
33ce5d33ca3414163a9a53b8ef481306,-0.3799355811,-0.8119869969,300.0,376,1672534621000,"Saturday, December 31, 2022 09:57:01"
33ce5d33ca3414163a9a53b8ef481306,-0.3817062902,-0.8123592366,300.0,376,1672534682000,"Saturday, December 31, 2022 09:58:02"
33ce5d33ca3414163a9a53b8ef481306,-0.3818284697,-0.8123823042,300.0,376,1672534686000,"Saturday, December 31, 2022 09:58:06"
33ce5d33ca3414163a9a53b8ef481306,-0.3836124695,-0.8127612198,281.0,377,1672534742000,"Saturday, December 31, 2022 09:59:02"
33ce5d33ca3414163a9a53b8ef481306,-0.3458092909,-0.7747043065,178.0,331,1672532884000,"Saturday, December 31, 2022 09:28:04"
33ce5d33ca3414163a9a53b8ef481306,-0.3705538328,-0.8070002951,300.0,363,1672534264000,"Saturday, December 31, 2022 09:51:04"
33ce5d33ca3414163a9a53b8ef481306,-0.3836124695,-0.8127612198,280.0,377,1672534746000,"Saturday, December 31, 2022 09:59:06"
33ce5d33ca3414163a9a53b8ef481306,-0.3592717161,-0.7952695263,300.0,364,1672533723000,"Saturday, December 31, 2022 09:42:03"
33ce5d33ca3414163a9a53b8ef481306,-0.3691042472,-0.8058202145,300.0,362,1672534200000,"Saturday, December 31, 2022 09:50:00"
33ce5d33ca3414163a9a53b8ef481306,-0.3603822088,-0.7967236159,300.0,365,1672533783000,"Saturday, December 31, 2022 09:43:03"
33ce5d33ca3414163a9a53b8ef481306,-0.3626270936,-0.7996723273,300.0,367,1672533903000,"Saturday, December 31, 2022 09:45:03"
33ce5d33ca3414163a9a53b8ef481306,-0.3703731561,-0.8068577174,300.0,363,1672534260000,"Saturday, December 31, 2022 09:51:00"
33ce5d33ca3414163a9a53b8ef481306,-0.361496933,-0.7981965411,300.0,365,1672533843000,"Saturday, December 31, 2022 09:44:03"
33ce5d33ca3414163a9a53b8ef481306,-0.3476179055,-0.7816006669,239.0,370,1672533125000,"Saturday, December 31, 2022 09:32:05"
33ce5d33ca3414163a9a53b8ef481306,-0.3691630424,-0.8058684358,300.0,362,1672534204000,"Saturday, December 31, 2022 09:50:04"
33ce5d33ca3414163a9a53b8ef481306,-0.3448258054,-0.7681602178,80.0,296,1672532643000,"Saturday, December 31, 2022 09:24:03"
33ce5d33ca3414163a9a53b8ef481306,-0.3460686095,-0.776443313,200.0,335,1672532944000,"Saturday, December 31, 2022 09:29:04"
33ce5d33ca3414163a9a53b8ef481306,-0.3426874551,-0.7673666229,26.0,120,1672532462000,"Saturday, December 31, 2022 09:21:02"
33ce5d33ca3414163a9a53b8ef481306,-0.3503659017,-0.7840004661,272.0,371,1672533245000,"Saturday, December 31, 2022 09:34:05"
33ce5d33ca3414163a9a53b8ef481306,-0.3733081168,-0.8091625642,300.0,363,1672534381000,"Saturday, December 31, 2022 09:53:01"
33ce5d33ca3414163a9a53b8ef481306,-0.3519837374,-0.7846705573,284.0,381,1672533301000,"Saturday, December 31, 2022 09:35:01"
33ce5d33ca3414163a9a53b8ef481306,-0.352081183,-0.784738985,286.0,382,1672533305000,"Saturday, December 31, 2022 09:35:05"
33ce5d33ca3414163a9a53b8ef481306,-0.3450538639,-0.7696889938,108.0,301,1672532703000,"Saturday, December 31, 2022 09:25:03"
33ce5d33ca3414163a9a53b8ef481306,-0.366454531,-0.8035224609,300.0,366,1672534084000,"Saturday, December 31, 2022 09:48:04"
33ce5d33ca3414163a9a53b8ef481306,-0.345791858,-0.7745960619,176.0,331,1672532880000,"Saturday, December 31, 2022 09:28:00"
33ce5d33ca3414163a9a53b8ef481306,-0.374797217,-0.810198875,300.0,369,1672534441000,"Saturday, December 31, 2022 09:54:01"
33ce5d33ca3414163a9a53b8ef481306,-0.3651731658,-0.8022403347,300.0,368,1672534024000,"Saturday, December 31, 2022 09:47:04"
33ce5d33ca3414163a9a53b8ef481306,-0.3651034341,-0.8021884178,300.0,368,1672534020000,"Saturday, December 31, 2022 09:47:00"
33ce5d33ca3414163a9a53b8ef481306,-0.3455536079,-0.7730004675,153.0,326,1672532824000,"Saturday, December 31, 2022 09:27:04"
33ce5d33ca3414163a9a53b8ef481306,-0.3531985296,-0.7860198595,300.0,362,1672533361000,"Saturday, December 31, 2022 09:36:01"
33ce5d33ca3414163a9a53b8ef481306,-0.3427323934,-0.7673285942,26.0,130,1672532466000,"Saturday, December 31, 2022 09:21:06"
33ce5d33ca3414163a9a53b8ef481306,-0.3532551792,-0.786123276,300.0,364,1672533365000,"Saturday, December 31, 2022 09:36:05"
33ce5d33ca3414163a9a53b8ef481306,-0.3677089273,-0.8047220326,300.0,365,1672534140000,"Saturday, December 31, 2022 09:49:00"
33ce5d33ca3414163a9a53b8ef481306,-0.3460521302,-0.7763360817,196.0,335,1672532940000,"Saturday, December 31, 2022 09:29:00"
33ce5d33ca3414163a9a53b8ef481306,-0.3542324664,-0.787695624,300.0,367,1672533426000,"Saturday, December 31, 2022 09:37:06"
33ce5d33ca3414163a9a53b8ef481306,-0.3463168724,-0.7781774914,216.0,338,1672533004000,"Saturday, December 31, 2022 09:30:04"
33ce5d33ca3414163a9a53b8ef481306,-0.3541681583,-0.78759787,300.0,368,1672533422000,"Saturday, December 31, 2022 09:37:02"
097eebc964ab2e3833e2d839359e9592,-0.4057181125,-0.8105461398,105.0,297,1672534385000,"Saturday, December 31, 2022 09:53:05"
097eebc964ab2e3833e2d839359e9592,-0.3967686711,-0.8187360707,200.0,448,1672534746000,"Saturday, December 31, 2022 09:59:06"
097eebc964ab2e3833e2d839359e9592,-0.4016922972,-0.8142555435,164.0,386,1672534565000,"Saturday, December 31, 2022 09:56:05"
097eebc964ab2e3833e2d839359e9592,-0.4068673748,-0.8094287648,78.0,265,1672534320000,"Saturday, December 31, 2022 09:52:00"
097eebc964ab2e3833e2d839359e9592,-0.3985617599,-0.817112998,194.0,424,1672534682000,"Saturday, December 31, 2022 09:58:02"
097eebc964ab2e3833e2d839359e9592,-0.3967686711,-0.8187360707,200.0,447,1672534742000,"Saturday, December 31, 2022 09:59:02"
097eebc964ab2e3833e2d839359e9592,-0.4078171269,-0.8097282852,54.0,219,1672534264000,"Saturday, December 31, 2022 09:51:04"
097eebc964ab2e3833e2d839359e9592,-0.4016922972,-0.8142555435,163.0,384,1672534561000,"Saturday, December 31, 2022 09:56:01"
097eebc964ab2e3833e2d839359e9592,-0.4086227369,-0.8104019528,0.0,170,1672534204000,"Saturday, December 31, 2022 09:50:04"
097eebc964ab2e3833e2d839359e9592,-0.4030499501,-0.8130087638,151.0,368,1672534505000,"Saturday, December 31, 2022 09:55:05"
097eebc964ab2e3833e2d839359e9592,-0.4080558537,-0.8099348201,52.0,207,1672534260000,"Saturday, December 31, 2022 09:51:00"
097eebc964ab2e3833e2d839359e9592,-0.4032286898,-0.8128465161,150.0,369,1672534501000,"Saturday, December 31, 2022 09:55:01"
097eebc964ab2e3833e2d839359e9592,-0.4044311151,-0.811740645,118.0,351,1672534445000,"Saturday, December 31, 2022 09:54:05"
097eebc964ab2e3833e2d839359e9592,-0.400160315,-0.8156542591,181.0,407,1672534625000,"Saturday, December 31, 2022 09:57:05"
097eebc964ab2e3833e2d839359e9592,-0.400160315,-0.8156542591,180.0,406,1672534621000,"Saturday, December 31, 2022 09:57:01"
097eebc964ab2e3833e2d839359e9592,-0.4086610298,-0.8104433194,0.0,167,1672534200000,"Saturday, December 31, 2022 09:50:00"
097eebc964ab2e3833e2d839359e9592,-0.4045253125,-0.8116530838,117.0,348,1672534441000,"Saturday, December 31, 2022 09:54:01"
097eebc964ab2e3833e2d839359e9592,-0.4057902878,-0.8104785465,104.0,296,1672534381000,"Saturday, December 31, 2022 09:53:01"
097eebc964ab2e3833e2d839359e9592,-0.3984581159,-0.817206043,195.0,424,1672534686000,"Saturday, December 31, 2022 09:58:06"
097eebc964ab2e3833e2d839359e9592,-0.406797345,-0.8094934373,78.0,276,1672534324000,"Saturday, December 31, 2022 09:52:04"
6bbeae222a2e210219f2e0cdd4f7e787,-0.1821260257,-0.639090707,380.0,465,1672534746000,"Saturday, December 31, 2022 09:59:06"
f53e193d2ad9109fd8b2b1d7caf17289,-0.3991669061,-0.8010252058,192.0,396,1672534565000,"Saturday, December 31, 2022 09:56:05"
f53e193d2ad9109fd8b2b1d7caf17289,-0.4031112783,-0.8052105042,137.0,356,1672534385000,"Saturday, December 31, 2022 09:53:05"
f53e193d2ad9109fd8b2b1d7caf17289,-0.3942787716,-0.7974438955,233.0,423,1672534746000,"Saturday, December 31, 2022 09:59:06"
f53e193d2ad9109fd8b2b1d7caf17289,-0.4081999362,-0.8089227094,61.0,223,1672534144000,"Saturday, December 31, 2022 09:49:04"
f53e193d2ad9109fd8b2b1d7caf17289,-0.3943981499,-0.797531874,232.0,423,1672534742000,"Saturday, December 31, 2022 09:59:02"
f53e193d2ad9109fd8b2b1d7caf17289,-0.3960254322,-0.7987151733,225.0,391,1672534686000,"Saturday, December 31, 2022 09:58:06"
f53e193d2ad9109fd8b2b1d7caf17289,-0.4004093228,-0.8027938365,175.0,383,1672534501000,"Saturday, December 31, 2022 09:55:01"
f53e193d2ad9109fd8b2b1d7caf17289,-0.3961297318,-0.798791469,224.0,390,1672534682000,"Saturday, December 31, 2022 09:58:02"
f53e193d2ad9109fd8b2b1d7caf17289,-0.3992775829,-0.8011096676,191.0,396,1672534561000,"Saturday, December 31, 2022 09:56:01"
f53e193d2ad9109fd8b2b1d7caf17289,-0.405992778,-0.80732485,101.0,287,1672534260000,"Saturday, December 31, 2022 09:51:00"
f53e193d2ad9109fd8b2b1d7caf17289,-0.397712344,-0.7999750664,213.0,386,1672534621000,"Saturday, December 31, 2022 09:57:01"
f53e193d2ad9109fd8b2b1d7caf17289,-0.3976044088,-0.7998931081,214.0,386,1672534625000,"Saturday, December 31, 2022 09:57:05"
f53e193d2ad9109fd8b2b1d7caf17289,-0.4086388288,-0.8101840927,35.0,184,1672534080000,"Saturday, December 31, 2022 09:48:00"
f53e193d2ad9109fd8b2b1d7caf17289,-0.4086226475,-0.8101180491,36.0,187,1672534084000,"Saturday, December 31, 2022 09:48:04"
f53e193d2ad9109fd8b2b1d7caf17289,-0.4016199133,-0.8041160775,158.0,363,1672534445000,"Saturday, December 31, 2022 09:54:05"
f53e193d2ad9109fd8b2b1d7caf17289,-0.404669395,-0.8063510064,114.0,330,1672534320000,"Saturday, December 31, 2022 09:52:00"
f53e193d2ad9109fd8b2b1d7caf17289,-0.4082601319,-0.8089830903,59.0,223,1672534140000,"Saturday, December 31, 2022 09:49:00"
f53e193d2ad9109fd8b2b1d7caf17289,-0.4070946883,-0.8081363268,77.0,273,1672534204000,"Saturday, December 31, 2022 09:50:04"
f53e193d2ad9109fd8b2b1d7caf17289,-0.4059113349,-0.807263575,102.0,287,1672534264000,"Saturday, December 31, 2022 09:51:04"
ad642cfa7fd723ea2f84563fac18cc70,-0.4085005574,-0.8096826866,42.0,207,1672534024000,"Saturday, December 31, 2022 09:47:04"
ad642cfa7fd723ea2f84563fac18cc70,-0.4086612086,-0.8084643985,64.0,268,1672534080000,"Saturday, December 31, 2022 09:48:00"
ad642cfa7fd723ea2f84563fac18cc70,-0.4142684142,-0.8167108359,200.0,361,1672534445000,"Saturday, December 31, 2022 09:54:05"
ad642cfa7fd723ea2f84563fac18cc70,-0.4151721255,-0.8182866411,216.0,368,1672534501000,"Saturday, December 31, 2022 09:55:01"
ad642cfa7fd723ea2f84563fac18cc70,-0.4152620019,-0.8183868985,217.0,369,1672534505000,"Saturday, December 31, 2022 09:55:05"
ad642cfa7fd723ea2f84563fac18cc70,-0.4165970963,-0.8196013718,234.0,381,1672534561000,"Saturday, December 31, 2022 09:56:01"
ad642cfa7fd723ea2f84563fac18cc70,-0.4166913832,-0.8196938803,235.0,380,1672534565000,"Saturday, December 31, 2022 09:56:05"
ad642cfa7fd723ea2f84563fac18cc70,-0.4099471629,-0.808853328,96.0,292,1672534144000,"Saturday, December 31, 2022 09:49:04"
ad642cfa7fd723ea2f84563fac18cc70,-0.4087299271,-0.8083968648,66.0,276,1672534084000,"Saturday, December 31, 2022 09:48:04"
ad642cfa7fd723ea2f84563fac18cc70,-0.418017776,-0.8209282024,250.0,384,1672534621000,"Saturday, December 31, 2022 09:57:01"
ad642cfa7fd723ea2f84563fac18cc70,-0.418111586,-0.8210192805,253.0,384,1672534625000,"Saturday, December 31, 2022 09:57:05"
ad642cfa7fd723ea2f84563fac18cc70,-0.4194062419,-0.8222272567,267.0,383,1672534682000,"Saturday, December 31, 2022 09:58:02"
ad642cfa7fd723ea2f84563fac18cc70,-0.4106621217,-0.8101683567,111.0,310,1672534200000,"Saturday, December 31, 2022 09:50:00"
ad642cfa7fd723ea2f84563fac18cc70,-0.4195264547,-0.8223434885,268.0,383,1672534686000,"Saturday, December 31, 2022 09:58:06"
ad642cfa7fd723ea2f84563fac18cc70,-0.4208065981,-0.8235519416,292.0,377,1672534742000,"Saturday, December 31, 2022 09:59:02"
ad642cfa7fd723ea2f84563fac18cc70,-0.4099028803,-0.808761475,94.0,291,1672534140000,"Saturday, December 31, 2022 09:49:00"
ad642cfa7fd723ea2f84563fac18cc70,-0.4208955209,-0.8236383703,293.0,377,1672534746000,"Saturday, December 31, 2022 09:59:06"
ad642cfa7fd723ea2f84563fac18cc70,-0.4107200825,-0.8102740382,112.0,314,1672534204000,"Saturday, December 31, 2022 09:50:04"
ad642cfa7fd723ea2f84563fac18cc70,-0.4115225934,-0.8117151933,137.0,338,1672534260000,"Saturday, December 31, 2022 09:51:00"
ad642cfa7fd723ea2f84563fac18cc70,-0.4115824017,-0.8118210536,138.0,338,1672534264000,"Saturday, December 31, 2022 09:51:04"
ad642cfa7fd723ea2f84563fac18cc70,-0.4124112259,-0.8133011911,159.0,343,1672534320000,"Saturday, December 31, 2022 09:52:00"
ad642cfa7fd723ea2f84563fac18cc70,-0.4124682331,-0.8134194495,160.0,344,1672534324000,"Saturday, December 31, 2022 09:52:04"
ad642cfa7fd723ea2f84563fac18cc70,-0.4133284961,-0.8149815452,183.0,366,1672534381000,"Saturday, December 31, 2022 09:53:01"
ad642cfa7fd723ea2f84563fac18cc70,-0.4085140269,-0.8097660158,40.0,201,1672534020000,"Saturday, December 31, 2022 09:47:00"
ad642cfa7fd723ea2f84563fac18cc70,-0.4133855033,-0.8150842464,184.0,365,1672534385000,"Saturday, December 31, 2022 09:53:05"
ad642cfa7fd723ea2f84563fac18cc70,-0.4142104833,-0.8166133205,199.0,360,1672534441000,"Saturday, December 31, 2022 09:54:01"
f53e193d2ad9109fd8b2b1d7caf17289,-0.4045731413,-0.8062787042,115.0,333,1672534324000,"Saturday, December 31, 2022 09:52:04"
f53e193d2ad9109fd8b2b1d7caf17289,-0.4017215905,-0.8041910023,157.0,363,1672534441000,"Saturday, December 31, 2022 09:54:01"
f53e193d2ad9109fd8b2b1d7caf17289,-0.407172764,-0.8081956944,75.0,272,1672534200000,"Saturday, December 31, 2022 09:50:00"
f53e193d2ad9109fd8b2b1d7caf17289,-0.4032129555,-0.8052837004,136.0,354,1672534381000,"Saturday, December 31, 2022 09:53:01"
f53e193d2ad9109fd8b2b1d7caf17289,-0.4003394123,-0.8026750416,176.0,387,1672534505000,"Saturday, December 31, 2022 09:55:05"
6bbeae222a2e210219f2e0cdd4f7e787,-0.1560018983,-0.6180455392,220.0,402,1672533843000,"Saturday, December 31, 2022 09:44:03"
6bbeae222a2e210219f2e0cdd4f7e787,-0.1544129983,-0.6167795067,204.0,394,1672533783000,"Saturday, December 31, 2022 09:43:03"
6bbeae222a2e210219f2e0cdd4f7e787,-0.1529134979,-0.6155740339,185.0,383,1672533723000,"Saturday, December 31, 2022 09:42:03"
6bbeae222a2e210219f2e0cdd4f7e787,-0.1514196149,-0.61437631,169.0,370,1672533663000,"Saturday, December 31, 2022 09:41:03"
6bbeae222a2e210219f2e0cdd4f7e787,-0.1500787095,-0.6132963079,148.0,360,1672533606000,"Saturday, December 31, 2022 09:40:06"
6bbeae222a2e210219f2e0cdd4f7e787,-0.1499495121,-0.613188421,147.0,359,1672533602000,"Saturday, December 31, 2022 09:40:02"
6bbeae222a2e210219f2e0cdd4f7e787,-0.1485802373,-0.6120861859,127.0,341,1672533542000,"Saturday, December 31, 2022 09:39:02"
6bbeae222a2e210219f2e0cdd4f7e787,-0.1486374382,-0.6121339899,128.0,343,1672533546000,"Saturday, December 31, 2022 09:39:06"
6bbeae222a2e210219f2e0cdd4f7e787,-0.1460413915,-0.6100548713,87.0,291,1672533422000,"Saturday, December 31, 2022 09:37:02"
6bbeae222a2e210219f2e0cdd4f7e787,-0.1461190947,-0.6101168616,89.0,291,1672533426000,"Saturday, December 31, 2022 09:37:06"
6bbeae222a2e210219f2e0cdd4f7e787,-0.1449819908,-0.6092161546,64.0,257,1672533365000,"Saturday, December 31, 2022 09:36:05"
6bbeae222a2e210219f2e0cdd4f7e787,-0.1448704945,-0.6091716885,62.0,251,1672533361000,"Saturday, December 31, 2022 09:36:01"
6bbeae222a2e210219f2e0cdd4f7e787,-0.143764293,-0.6092258704,32.0,242,1672533305000,"Saturday, December 31, 2022 09:35:05"
6bbeae222a2e210219f2e0cdd4f7e787,-0.1436797508,-0.6092352285,29.0,239,1672533301000,"Saturday, December 31, 2022 09:35:01"
6bbeae222a2e210219f2e0cdd4f7e787,-0.1820049786,-0.6389968871,380.0,464,1672534742000,"Saturday, December 31, 2022 09:59:02"
6bbeae222a2e210219f2e0cdd4f7e787,-0.1802349251,-0.6375440492,380.0,462,1672534682000,"Saturday, December 31, 2022 09:58:02"
6bbeae222a2e210219f2e0cdd4f7e787,-0.1803534392,-0.6376393593,380.0,462,1672534686000,"Saturday, December 31, 2022 09:58:06"
6bbeae222a2e210219f2e0cdd4f7e787,-0.1785750567,-0.6362119136,380.0,459,1672534625000,"Saturday, December 31, 2022 09:57:05"
6bbeae222a2e210219f2e0cdd4f7e787,-0.1784453974,-0.6361305513,380.0,459,1672534621000,"Saturday, December 31, 2022 09:57:01"
6bbeae222a2e210219f2e0cdd4f7e787,-0.1767863634,-0.6347571683,380.0,457,1672534565000,"Saturday, December 31, 2022 09:56:05"
6bbeae222a2e210219f2e0cdd4f7e787,-0.1766945201,-0.6346978603,380.0,458,1672534561000,"Saturday, December 31, 2022 09:56:01"
6bbeae222a2e210219f2e0cdd4f7e787,-0.1751045921,-0.6334078065,373.0,464,1672534505000,"Saturday, December 31, 2022 09:55:05"
6bbeae222a2e210219f2e0cdd4f7e787,-0.1749873891,-0.6333169073,372.0,464,1672534501000,"Saturday, December 31, 2022 09:55:01"
6bbeae222a2e210219f2e0cdd4f7e787,-0.1733680486,-0.6319893614,357.0,465,1672534445000,"Saturday, December 31, 2022 09:54:05"
6bbeae222a2e210219f2e0cdd4f7e787,-0.1732513075,-0.6318942301,357.0,466,1672534441000,"Saturday, December 31, 2022 09:54:01"
6bbeae222a2e210219f2e0cdd4f7e787,-0.1715834825,-0.6305723467,344.0,466,1672534385000,"Saturday, December 31, 2022 09:53:05"
6bbeae222a2e210219f2e0cdd4f7e787,-0.1714521395,-0.6304867524,343.0,465,1672534381000,"Saturday, December 31, 2022 09:53:01"
6bbeae222a2e210219f2e0cdd4f7e787,-0.169690877,-0.6290407693,330.0,466,1672534324000,"Saturday, December 31, 2022 09:52:04"
6bbeae222a2e210219f2e0cdd4f7e787,-0.1695772352,-0.6289446247,329.0,466,1672534320000,"Saturday, December 31, 2022 09:52:00"
6bbeae222a2e210219f2e0cdd4f7e787,-0.1678880586,-0.6275987797,313.0,462,1672534264000,"Saturday, December 31, 2022 09:51:04"
6bbeae222a2e210219f2e0cdd4f7e787,-0.1677661622,-0.6274866011,312.0,461,1672534260000,"Saturday, December 31, 2022 09:51:00"
6bbeae222a2e210219f2e0cdd4f7e787,-0.1661029264,-0.6261443325,306.0,457,1672534204000,"Saturday, December 31, 2022 09:50:04"
6bbeae222a2e210219f2e0cdd4f7e787,-0.1659916238,-0.6260468766,305.0,457,1672534200000,"Saturday, December 31, 2022 09:50:00"
6bbeae222a2e210219f2e0cdd4f7e787,-0.1643267937,-0.6247482396,291.0,444,1672534144000,"Saturday, December 31, 2022 09:49:04"
6bbeae222a2e210219f2e0cdd4f7e787,-0.1642054635,-0.6246542408,290.0,444,1672534140000,"Saturday, December 31, 2022 09:49:00"
6bbeae222a2e210219f2e0cdd4f7e787,-0.1626239539,-0.6233542925,276.0,440,1672534084000,"Saturday, December 31, 2022 09:48:04"
6bbeae222a2e210219f2e0cdd4f7e787,-0.162519848,-0.6232617839,276.0,440,1672534080000,"Saturday, December 31, 2022 09:48:00"
6bbeae222a2e210219f2e0cdd4f7e787,-0.1609230808,-0.6219807902,261.0,429,1672534024000,"Saturday, December 31, 2022 09:47:04"
6bbeae222a2e210219f2e0cdd4f7e787,-0.1608050286,-0.621891262,260.0,429,1672534020000,"Saturday, December 31, 2022 09:47:00"
6bbeae222a2e210219f2e0cdd4f7e787,-0.1592312818,-0.6206292231,249.0,419,1672533963000,"Saturday, December 31, 2022 09:46:03"
6bbeae222a2e210219f2e0cdd4f7e787,-0.1575918263,-0.6193146712,236.0,410,1672533903000,"Saturday, December 31, 2022 09:45:03"
a7e00171d7d5f56d626821f3cfb82d87,-0.3909662464,-0.792653536,263.0,463,1672534381000,"Saturday, December 31, 2022 09:53:01"
a7e00171d7d5f56d626821f3cfb82d87,-0.3908837007,-0.7925075012,263.0,466,1672534385000,"Saturday, December 31, 2022 09:53:05"
a7e00171d7d5f56d626821f3cfb82d87,-0.4084686417,-0.809681256,42.0,207,1672533602000,"Saturday, December 31, 2022 09:40:02"
a7e00171d7d5f56d626821f3cfb82d87,-0.3932294879,-0.7966517907,242.0,442,1672534264000,"Saturday, December 31, 2022 09:51:04"
a7e00171d7d5f56d626821f3cfb82d87,-0.3921549339,-0.7947529803,253.0,454,1672534320000,"Saturday, December 31, 2022 09:52:00"
a7e00171d7d5f56d626821f3cfb82d87,-0.3920762026,-0.7946109391,254.0,454,1672534324000,"Saturday, December 31, 2022 09:52:04"
a7e00171d7d5f56d626821f3cfb82d87,-0.3862650763,-0.7806967411,317.0,505,1672534686000,"Saturday, December 31, 2022 09:58:06"
a7e00171d7d5f56d626821f3cfb82d87,-0.3878359176,-0.7858074235,297.0,492,1672534561000,"Saturday, December 31, 2022 09:56:01"
a7e00171d7d5f56d626821f3cfb82d87,-0.3979438891,-0.8013621588,200.0,397,1672534080000,"Saturday, December 31, 2022 09:48:00"
a7e00171d7d5f56d626821f3cfb82d87,-0.3978368777,-0.8012719152,202.0,399,1672534084000,"Saturday, December 31, 2022 09:48:04"
a7e00171d7d5f56d626821f3cfb82d87,-0.3961979735,-0.7999704767,216.0,411,1672534140000,"Saturday, December 31, 2022 09:49:00"
a7e00171d7d5f56d626821f3cfb82d87,-0.3960825287,-0.7998851805,218.0,411,1672534144000,"Saturday, December 31, 2022 09:49:04"
a7e00171d7d5f56d626821f3cfb82d87,-0.3877834996,-0.7856374866,298.0,493,1672534565000,"Saturday, December 31, 2022 09:56:05"
a7e00171d7d5f56d626821f3cfb82d87,-0.3945613341,-0.7987012255,230.0,417,1672534200000,"Saturday, December 31, 2022 09:50:00"
a7e00171d7d5f56d626821f3cfb82d87,-0.3897808666,-0.790279427,275.0,483,1672534445000,"Saturday, December 31, 2022 09:54:05"
a7e00171d7d5f56d626821f3cfb82d87,-0.3870037261,-0.7833641715,307.0,500,1672534621000,"Saturday, December 31, 2022 09:57:01"
a7e00171d7d5f56d626821f3cfb82d87,-0.3888229493,-0.7881587034,285.0,487,1672534501000,"Saturday, December 31, 2022 09:55:01"
a7e00171d7d5f56d626821f3cfb82d87,-0.4054515823,-0.8067836271,108.0,297,1672533783000,"Saturday, December 31, 2022 09:43:03"
a7e00171d7d5f56d626821f3cfb82d87,-0.3869550628,-0.7832209978,308.0,500,1672534625000,"Saturday, December 31, 2022 09:57:05"
a7e00171d7d5f56d626821f3cfb82d87,-0.4040160027,-0.8057609661,126.0,347,1672533843000,"Saturday, December 31, 2022 09:44:03"
a7e00171d7d5f56d626821f3cfb82d87,-0.4025288693,-0.8047037932,149.0,359,1672533903000,"Saturday, December 31, 2022 09:45:03"
a7e00171d7d5f56d626821f3cfb82d87,-0.3856572183,-0.7781604441,330.0,507,1672534746000,"Saturday, December 31, 2022 09:59:06"
a7e00171d7d5f56d626821f3cfb82d87,-0.401029667,-0.803635772,169.0,368,1672533963000,"Saturday, December 31, 2022 09:46:03"
a7e00171d7d5f56d626821f3cfb82d87,-0.3995472122,-0.8025853345,185.0,377,1672534020000,"Saturday, December 31, 2022 09:47:00"
a7e00171d7d5f56d626821f3cfb82d87,-0.3994731595,-0.8025298413,186.0,378,1672534024000,"Saturday, December 31, 2022 09:47:04"
a7e00171d7d5f56d626821f3cfb82d87,-0.386303548,-0.7808719233,316.0,504,1672534682000,"Saturday, December 31, 2022 09:58:02"
a7e00171d7d5f56d626821f3cfb82d87,-0.3944050635,-0.7985814769,231.0,418,1672534204000,"Saturday, December 31, 2022 09:50:04"
a7e00171d7d5f56d626821f3cfb82d87,-0.3933290195,-0.796822264,241.0,442,1672534260000,"Saturday, December 31, 2022 09:51:00"
a7e00171d7d5f56d626821f3cfb82d87,-0.3857218245,-0.7783254932,330.0,506,1672534742000,"Saturday, December 31, 2022 09:59:02"
a7e00171d7d5f56d626821f3cfb82d87,-0.388750774,-0.7879895414,287.0,487,1672534505000,"Saturday, December 31, 2022 09:55:05"
a7e00171d7d5f56d626821f3cfb82d87,-0.389840973,-0.790440721,274.0,481,1672534441000,"Saturday, December 31, 2022 09:54:01"
a7e00171d7d5f56d626821f3cfb82d87,-0.4084580628,-0.8095886878,44.0,215,1672533606000,"Saturday, December 31, 2022 09:40:06"
a7e00171d7d5f56d626821f3cfb82d87,-0.4078821204,-0.8084673192,65.0,266,1672533663000,"Saturday, December 31, 2022 09:41:03"
a7e00171d7d5f56d626821f3cfb82d87,-0.4066920323,-0.8076764065,89.0,285,1672533723000,"Saturday, December 31, 2022 09:42:03"
e16b2bb07c8029baed35392f2e4cb643,-0.2762004881,-0.8122955178,269.0,428,1672533542000,"Saturday, December 31, 2022 09:39:02"
f6768d06e1aa07864859dbea8059fec8,-0.3443064232,-0.7667938683,64.0,282,1672532944000,"Saturday, December 31, 2022 09:29:04"
f6768d06e1aa07864859dbea8059fec8,-0.3604873427,-0.7889775117,340.0,371,1672533903000,"Saturday, December 31, 2022 09:45:03"
f6768d06e1aa07864859dbea8059fec8,-0.3662371409,-0.7932910823,340.0,369,1672534144000,"Saturday, December 31, 2022 09:49:04"
f6768d06e1aa07864859dbea8059fec8,-0.3751186087,-0.7988091124,340.0,381,1672534501000,"Saturday, December 31, 2022 09:55:01"
f6768d06e1aa07864859dbea8059fec8,-0.3702143823,-0.7962375882,340.0,363,1672534320000,"Saturday, December 31, 2022 09:52:00"
f6768d06e1aa07864859dbea8059fec8,-0.353372859,-0.7804139104,322.0,371,1672533546000,"Saturday, December 31, 2022 09:39:06"
f6768d06e1aa07864859dbea8059fec8,-0.3432391404,-0.7668541896,41.0,169,1672532880000,"Saturday, December 31, 2022 09:28:00"
f6768d06e1aa07864859dbea8059fec8,-0.3442522172,-0.7667169169,62.0,276,1672532940000,"Saturday, December 31, 2022 09:29:00"
f6768d06e1aa07864859dbea8059fec8,-0.3457708789,-0.7734025103,190.0,353,1672533185000,"Saturday, December 31, 2022 09:33:05"
f6768d06e1aa07864859dbea8059fec8,-0.3801776753,-0.801535374,340.0,384,1672534686000,"Saturday, December 31, 2022 09:58:06"
f6768d06e1aa07864859dbea8059fec8,-0.3451193044,-0.76972285,128.0,324,1672533060000,"Saturday, December 31, 2022 09:31:00"
f6768d06e1aa07864859dbea8059fec8,-0.368753443,-0.7955086658,340.0,358,1672534264000,"Saturday, December 31, 2022 09:51:04"
f6768d06e1aa07864859dbea8059fec8,-0.3457528202,-0.7732867554,188.0,352,1672533181000,"Saturday, December 31, 2022 09:33:01"
f6768d06e1aa07864859dbea8059fec8,-0.3545591923,-0.7817726303,340.0,364,1672533606000,"Saturday, December 31, 2022 09:40:06"
f6768d06e1aa07864859dbea8059fec8,-0.3616190231,-0.7903844529,340.0,362,1672533963000,"Saturday, December 31, 2022 09:46:03"
f6768d06e1aa07864859dbea8059fec8,-0.3544805504,-0.7816773203,340.0,364,1672533602000,"Saturday, December 31, 2022 09:40:02"
f6768d06e1aa07864859dbea8059fec8,-0.3661382946,-0.7932145482,340.0,369,1672534140000,"Saturday, December 31, 2022 09:49:00"
f6768d06e1aa07864859dbea8059fec8,-0.3752305669,-0.7988683608,340.0,381,1672534505000,"Saturday, December 31, 2022 09:55:05"
f6768d06e1aa07864859dbea8059fec8,-0.3630000689,-0.7914088425,340.0,360,1672534024000,"Saturday, December 31, 2022 09:47:04"
f6768d06e1aa07864859dbea8059fec8,-0.3800648828,-0.8014733241,340.0,384,1672534682000,"Saturday, December 31, 2022 09:58:02"
f6768d06e1aa07864859dbea8059fec8,-0.3454512751,-0.7716014539,161.0,345,1672533125000,"Saturday, December 31, 2022 09:32:05"
f6768d06e1aa07864859dbea8059fec8,-0.3556855385,-0.7831178793,340.0,372,1672533663000,"Saturday, December 31, 2022 09:41:03"
f6768d06e1aa07864859dbea8059fec8,-0.3432825886,-0.7668130615,42.0,170,1672532884000,"Saturday, December 31, 2022 09:28:04"
f6768d06e1aa07864859dbea8059fec8,-0.3448557543,-0.76817351,100.0,303,1672533004000,"Saturday, December 31, 2022 09:30:04"
f6768d06e1aa07864859dbea8059fec8,-0.3448397517,-0.7680759349,100.0,303,1672533000000,"Saturday, December 31, 2022 09:30:00"
f6768d06e1aa07864859dbea8059fec8,-0.3686434516,-0.7954581795,340.0,358,1672534260000,"Saturday, December 31, 2022 09:51:00"
f6768d06e1aa07864859dbea8059fec8,-0.3645348821,-0.7922980455,340.0,369,1672534084000,"Saturday, December 31, 2022 09:48:04"
f6768d06e1aa07864859dbea8059fec8,-0.3569227105,-0.7846067788,340.0,382,1672533723000,"Saturday, December 31, 2022 09:42:03"
f6768d06e1aa07864859dbea8059fec8,-0.3671545303,-0.7948302298,340.0,349,1672534204000,"Saturday, December 31, 2022 09:50:04"
f6768d06e1aa07864859dbea8059fec8,-0.3454326502,-0.771488262,159.0,344,1672533121000,"Saturday, December 31, 2022 09:32:01"
f6768d06e1aa07864859dbea8059fec8,-0.3818560942,-0.8024434721,318.0,385,1672534746000,"Saturday, December 31, 2022 09:59:06"
f6768d06e1aa07864859dbea8059fec8,-0.3785194012,-0.8006387798,340.0,382,1672534625000,"Saturday, December 31, 2022 09:57:05"
f6768d06e1aa07864859dbea8059fec8,-0.3581359233,-0.7860932345,340.0,383,1672533783000,"Saturday, December 31, 2022 09:43:03"
f6768d06e1aa07864859dbea8059fec8,-0.3593473482,-0.7875677094,340.0,383,1672533843000,"Saturday, December 31, 2022 09:44:03"
f6768d06e1aa07864859dbea8059fec8,-0.3767548011,-0.7996942623,340.0,381,1672534561000,"Saturday, December 31, 2022 09:56:01"
f6768d06e1aa07864859dbea8059fec8,-0.345138585,-0.7698343133,130.0,326,1672533064000,"Saturday, December 31, 2022 09:31:04"
f6768d06e1aa07864859dbea8059fec8,-0.3486824467,-0.7774384956,262.0,380,1672533361000,"Saturday, December 31, 2022 09:36:01"
f6768d06e1aa07864859dbea8059fec8,-0.3719293656,-0.7971333479,340.0,363,1672534385000,"Saturday, December 31, 2022 09:53:05"
f6768d06e1aa07864859dbea8059fec8,-0.3487871933,-0.7774987573,263.0,378,1672533365000,"Saturday, December 31, 2022 09:36:05"
f6768d06e1aa07864859dbea8059fec8,-0.3734415011,-0.7979234261,340.0,377,1672534441000,"Saturday, December 31, 2022 09:54:01"
f6768d06e1aa07864859dbea8059fec8,-0.3717863262,-0.7970571118,340.0,362,1672534381000,"Saturday, December 31, 2022 09:53:01"
f6768d06e1aa07864859dbea8059fec8,-0.3471863138,-0.7766109848,232.0,384,1672533305000,"Saturday, December 31, 2022 09:35:05"
f6768d06e1aa07864859dbea8059fec8,-0.3644711998,-0.7922593612,340.0,369,1672534080000,"Saturday, December 31, 2022 09:48:00"
f6768d06e1aa07864859dbea8059fec8,-0.3503572896,-0.7783817017,281.0,372,1672533426000,"Saturday, December 31, 2022 09:37:06"
f6768d06e1aa07864859dbea8059fec8,-0.3670468633,-0.794748033,340.0,351,1672534200000,"Saturday, December 31, 2022 09:50:00"
f6768d06e1aa07864859dbea8059fec8,-0.3470718226,-0.7765516172,231.0,382,1672533301000,"Saturday, December 31, 2022 09:35:01"
f6768d06e1aa07864859dbea8059fec8,-0.3817431824,-0.8023826144,318.0,385,1672534742000,"Saturday, December 31, 2022 09:59:02"
f6768d06e1aa07864859dbea8059fec8,-0.3629014015,-0.791354899,340.0,359,1672534020000,"Saturday, December 31, 2022 09:47:00"
f6768d06e1aa07864859dbea8059fec8,-0.3735593894,-0.7979814228,340.0,379,1672534445000,"Saturday, December 31, 2022 09:54:05"
f6768d06e1aa07864859dbea8059fec8,-0.3502472982,-0.778320844,280.0,372,1672533422000,"Saturday, December 31, 2022 09:37:02"
f6768d06e1aa07864859dbea8059fec8,-0.3784064299,-0.8005770875,340.0,382,1672534621000,"Saturday, December 31, 2022 09:57:01"
f6768d06e1aa07864859dbea8059fec8,-0.3460878006,-0.7751985002,217.0,355,1672533245000,"Saturday, December 31, 2022 09:34:05"
f6768d06e1aa07864859dbea8059fec8,-0.3768696499,-0.7997526762,340.0,381,1672534565000,"Saturday, December 31, 2022 09:56:05"
f6768d06e1aa07864859dbea8059fec8,-0.3703483328,-0.7963066716,340.0,363,1672534324000,"Saturday, December 31, 2022 09:52:04"
f6768d06e1aa07864859dbea8059fec8,-0.3532932933,-0.7803181831,319.0,371,1672533542000,"Saturday, December 31, 2022 09:39:02"
f6768d06e1aa07864859dbea8059fec8,-0.3460675665,-0.7750748773,216.0,355,1672533241000,"Saturday, December 31, 2022 09:34:01"
e16b2bb07c8029baed35392f2e4cb643,-0.2702238533,-0.7951214053,350.0,476,1672534024000,"Saturday, December 31, 2022 09:47:04"
e16b2bb07c8029baed35392f2e4cb643,-0.2766096107,-0.8340870129,0.0,235,1672532820000,"Saturday, December 31, 2022 09:27:00"
e16b2bb07c8029baed35392f2e4cb643,-0.2765808539,-0.8326322081,91.0,271,1672532880000,"Saturday, December 31, 2022 09:28:00"
e16b2bb07c8029baed35392f2e4cb643,-0.2754209232,-0.810023514,278.0,445,1672533606000,"Saturday, December 31, 2022 09:40:06"
e16b2bb07c8029baed35392f2e4cb643,-0.2627374074,-0.7736582203,349.0,449,1672534625000,"Saturday, December 31, 2022 09:57:05"
e16b2bb07c8029baed35392f2e4cb643,-0.2724882869,-0.8015092665,335.0,464,1672533843000,"Saturday, December 31, 2022 09:44:03"
e16b2bb07c8029baed35392f2e4cb643,-0.2641902709,-0.7780403975,350.0,454,1672534501000,"Saturday, December 31, 2022 09:55:01"
e16b2bb07c8029baed35392f2e4cb643,-0.2650024369,-0.7801518226,349.0,461,1672534441000,"Saturday, December 31, 2022 09:54:01"
e16b2bb07c8029baed35392f2e4cb643,-0.2765920884,-0.8325358251,93.0,272,1672532884000,"Saturday, December 31, 2022 09:28:04"
e16b2bb07c8029baed35392f2e4cb643,-0.2773346717,-0.8238781655,187.0,374,1672533185000,"Saturday, December 31, 2022 09:33:05"
e16b2bb07c8029baed35392f2e4cb643,-0.2634667893,-0.7759373172,349.0,451,1672534561000,"Saturday, December 31, 2022 09:56:01"
e16b2bb07c8029baed35392f2e4cb643,-0.2671547335,-0.7863745751,349.0,468,1672534264000,"Saturday, December 31, 2022 09:51:04"
e16b2bb07c8029baed35392f2e4cb643,-0.2774687414,-0.8201071291,224.0,382,1672533305000,"Saturday, December 31, 2022 09:35:05"
e16b2bb07c8029baed35392f2e4cb643,-0.2656741263,-0.7822622344,350.0,456,1672534381000,"Saturday, December 31, 2022 09:53:01"
e16b2bb07c8029baed35392f2e4cb643,-0.266476816,-0.7844234902,350.0,456,1672534320000,"Saturday, December 31, 2022 09:52:00"
e16b2bb07c8029baed35392f2e4cb643,-0.2774063106,-0.8183130466,237.0,386,1672533361000,"Saturday, December 31, 2022 09:36:01"
e16b2bb07c8029baed35392f2e4cb643,-0.26872182,-0.7907710577,350.0,468,1672534140000,"Saturday, December 31, 2022 09:49:00"
e16b2bb07c8029baed35392f2e4cb643,-0.2739758076,-0.805874158,303.0,462,1672533723000,"Saturday, December 31, 2022 09:42:03"
e16b2bb07c8029baed35392f2e4cb643,-0.2770330373,-0.8275935298,0.0,346,1672533064000,"Saturday, December 31, 2022 09:31:04"
e16b2bb07c8029baed35392f2e4cb643,-0.2621726102,-0.7716193357,350.0,456,1672534682000,"Saturday, December 31, 2022 09:58:02"
e16b2bb07c8029baed35392f2e4cb643,-0.2679920506,-0.7886583213,350.0,455,1672534200000,"Saturday, December 31, 2022 09:50:00"
e16b2bb07c8029baed35392f2e4cb643,-0.2621488299,-0.771470261,350.0,456,1672534686000,"Saturday, December 31, 2022 09:58:06"
e16b2bb07c8029baed35392f2e4cb643,-0.2672207403,-0.7865169143,349.0,469,1672534260000,"Saturday, December 31, 2022 09:51:00"
e16b2bb07c8029baed35392f2e4cb643,-0.266407561,-0.7842390095,350.0,457,1672534324000,"Saturday, December 31, 2022 09:52:04"
e16b2bb07c8029baed35392f2e4cb643,-0.2686611474,-0.790574775,350.0,469,1672534144000,"Saturday, December 31, 2022 09:49:04"
e16b2bb07c8029baed35392f2e4cb643,-0.2767547064,-0.8352963005,46.0,186,1672532760000,"Saturday, December 31, 2022 09:26:00"
e16b2bb07c8029baed35392f2e4cb643,-0.2767485378,-0.8311681046,109.0,290,1672532940000,"Saturday, December 31, 2022 09:29:00"
e16b2bb07c8029baed35392f2e4cb643,-0.2774687414,-0.822130218,209.0,379,1672533241000,"Saturday, December 31, 2022 09:34:01"
e16b2bb07c8029baed35392f2e4cb643,-0.2770246039,-0.8277179872,0.0,345,1672533060000,"Saturday, December 31, 2022 09:31:00"
e16b2bb07c8029baed35392f2e4cb643,-0.2615116488,-0.7695079106,350.0,457,1672534742000,"Saturday, December 31, 2022 09:59:02"
e16b2bb07c8029baed35392f2e4cb643,-0.2772785883,-0.81630927,249.0,398,1672533422000,"Saturday, December 31, 2022 09:37:02"
e16b2bb07c8029baed35392f2e4cb643,-0.2614873023,-0.7693779694,350.0,456,1672534746000,"Saturday, December 31, 2022 09:59:06"
e16b2bb07c8029baed35392f2e4cb643,-0.2774765191,-0.8202378452,224.0,381,1672533301000,"Saturday, December 31, 2022 09:35:01"
e16b2bb07c8029baed35392f2e4cb643,-0.2641598452,-0.7779313184,350.0,454,1672534505000,"Saturday, December 31, 2022 09:55:05"
e16b2bb07c8029baed35392f2e4cb643,-0.2709701616,-0.7972961321,350.0,457,1672533963000,"Saturday, December 31, 2022 09:46:03"
e16b2bb07c8029baed35392f2e4cb643,-0.2765939658,-0.8340017763,61.0,237,1672532824000,"Saturday, December 31, 2022 09:27:04"
e16b2bb07c8029baed35392f2e4cb643,-0.2767583718,-0.8310605157,109.0,290,1672532944000,"Saturday, December 31, 2022 09:29:04"
e16b2bb07c8029baed35392f2e4cb643,-0.2656494222,-0.7821411746,350.0,455,1672534385000,"Saturday, December 31, 2022 09:53:05"
e16b2bb07c8029baed35392f2e4cb643,-0.2634497438,-0.7758118465,349.0,452,1672534565000,"Saturday, December 31, 2022 09:56:05"
e16b2bb07c8029baed35392f2e4cb643,-0.2679241963,-0.7884657937,350.0,456,1672534204000,"Saturday, December 31, 2022 09:50:04"
e16b2bb07c8029baed35392f2e4cb643,-0.2649451318,-0.7800118676,349.0,460,1672534445000,"Saturday, December 31, 2022 09:54:05"
e16b2bb07c8029baed35392f2e4cb643,-0.2703609924,-0.7952074764,350.0,467,1672534020000,"Saturday, December 31, 2022 09:47:00"
e16b2bb07c8029baed35392f2e4cb643,-0.2773981455,-0.8181798271,238.0,387,1672533365000,"Saturday, December 31, 2022 09:36:05"
e16b2bb07c8029baed35392f2e4cb643,-0.2773296355,-0.8240103717,187.0,373,1672533181000,"Saturday, December 31, 2022 09:33:01"
e16b2bb07c8029baed35392f2e4cb643,-0.2768894316,-0.8294985392,121.0,321,1672533000000,"Saturday, December 31, 2022 09:30:00"
e16b2bb07c8029baed35392f2e4cb643,-0.2772028668,-0.8257581403,167.0,362,1672533125000,"Saturday, December 31, 2022 09:32:05"
e16b2bb07c8029baed35392f2e4cb643,-0.269472926,-0.7929342209,350.0,471,1672534084000,"Saturday, December 31, 2022 09:48:04"
e16b2bb07c8029baed35392f2e4cb643,-0.2774770853,-0.8220024823,209.0,379,1672533245000,"Saturday, December 31, 2022 09:34:05"
e16b2bb07c8029baed35392f2e4cb643,-0.2767496404,-0.8352293629,46.0,190,1672532764000,"Saturday, December 31, 2022 09:26:04"
e16b2bb07c8029baed35392f2e4cb643,-0.2761595729,-0.8121528209,270.0,430,1672533546000,"Saturday, December 31, 2022 09:39:06"
e16b2bb07c8029baed35392f2e4cb643,-0.2769007556,-0.8293800423,121.0,322,1672533004000,"Saturday, December 31, 2022 09:30:04"
e16b2bb07c8029baed35392f2e4cb643,-0.2747349597,-0.8080425665,287.0,455,1672533663000,"Saturday, December 31, 2022 09:41:03"
e16b2bb07c8029baed35392f2e4cb643,-0.2771901423,-0.8258861145,167.0,362,1672533121000,"Saturday, December 31, 2022 09:32:01"
e16b2bb07c8029baed35392f2e4cb643,-0.2628166155,-0.773788996,349.0,450,1672534621000,"Saturday, December 31, 2022 09:57:01"
e16b2bb07c8029baed35392f2e4cb643,-0.2732292014,-0.8036658134,322.0,463,1672533783000,"Saturday, December 31, 2022 09:43:03"
e16b2bb07c8029baed35392f2e4cb643,-0.2695078515,-0.793047234,350.0,472,1672534080000,"Saturday, December 31, 2022 09:48:00"
e16b2bb07c8029baed35392f2e4cb643,-0.275466219,-0.8101726483,277.0,444,1672533602000,"Saturday, December 31, 2022 09:40:02"
e16b2bb07c8029baed35392f2e4cb643,-0.2717785728,-0.7993663694,349.0,459,1672533903000,"Saturday, December 31, 2022 09:45:03"
e16b2bb07c8029baed35392f2e4cb643,-0.2772727177,-0.8161694938,248.0,400,1672533426000,"Saturday, December 31, 2022 09:37:06"
451e717d8c1a3154a89959736f9b28be,-0.393156955,-0.7539593147,179.0,323,1672534561000,"Saturday, December 31, 2022 09:56:01"
af199802cfa3ca88b4ed914d5d6eeac8,-0.4024265365,-0.7548631213,120.0,323,1672532160000,"Saturday, December 31, 2022 09:16:00"
af199802cfa3ca88b4ed914d5d6eeac8,-0.3998837721,-0.7511099071,98.0,237,1672531983000,"Saturday, December 31, 2022 09:13:03"
af199802cfa3ca88b4ed914d5d6eeac8,-0.4099883464,-0.7752108387,380.0,366,1672532884000,"Saturday, December 31, 2022 09:28:04"
af199802cfa3ca88b4ed914d5d6eeac8,-0.412986304,-0.7844269474,380.0,372,1672533185000,"Saturday, December 31, 2022 09:33:05"
af199802cfa3ca88b4ed914d5d6eeac8,-0.4155942706,-0.8043633234,224.0,366,1672533783000,"Saturday, December 31, 2022 09:43:03"
af199802cfa3ca88b4ed914d5d6eeac8,-0.4154023296,-0.8144320966,93.0,298,1672534144000,"Saturday, December 31, 2022 09:49:04"
af199802cfa3ca88b4ed914d5d6eeac8,-0.4122035505,-0.8144145129,27.0,134,1672534682000,"Saturday, December 31, 2022 09:58:02"
af199802cfa3ca88b4ed914d5d6eeac8,-0.4142745232,-0.8152221748,90.0,278,1672534204000,"Saturday, December 31, 2022 09:50:04"
af199802cfa3ca88b4ed914d5d6eeac8,-0.3993306564,-0.7532615067,16.0,162,1672531863000,"Saturday, December 31, 2022 09:11:03"
af199802cfa3ca88b4ed914d5d6eeac8,-0.4064738971,-0.764522699,300.0,348,1672532523000,"Saturday, December 31, 2022 09:22:03"
af199802cfa3ca88b4ed914d5d6eeac8,-0.4149669235,-0.7966580493,325.0,400,1672533546000,"Saturday, December 31, 2022 09:39:06"
af199802cfa3ca88b4ed914d5d6eeac8,-0.4151311209,-0.798684655,299.0,392,1672533606000,"Saturday, December 31, 2022 09:40:06"
af199802cfa3ca88b4ed914d5d6eeac8,-0.4160213626,-0.8097573133,152.0,336,1672533963000,"Saturday, December 31, 2022 09:46:03"
af199802cfa3ca88b4ed914d5d6eeac8,-0.4162744828,-0.8130460176,110.0,325,1672534080000,"Saturday, December 31, 2022 09:48:00"
af199802cfa3ca88b4ed914d5d6eeac8,-0.4053056225,-0.7610799727,237.0,351,1672532402000,"Saturday, December 31, 2022 09:20:02"
af199802cfa3ca88b4ed914d5d6eeac8,-0.4154806139,-0.8143777955,95.0,296,1672534140000,"Saturday, December 31, 2022 09:49:00"
af199802cfa3ca88b4ed914d5d6eeac8,-0.4158839255,-0.8080225388,175.0,346,1672533903000,"Saturday, December 31, 2022 09:45:03"
af199802cfa3ca88b4ed914d5d6eeac8,-0.4039770543,-0.7579385551,191.0,322,1672532285000,"Saturday, December 31, 2022 09:18:05"
af199802cfa3ca88b4ed914d5d6eeac8,-0.4092947243,-0.7731175934,380.0,354,1672532820000,"Saturday, December 31, 2022 09:27:00"
af199802cfa3ca88b4ed914d5d6eeac8,-0.412337054,-0.782417389,380.0,368,1672533121000,"Saturday, December 31, 2022 09:32:01"
af199802cfa3ca88b4ed914d5d6eeac8,-0.4123727244,-0.7825318922,380.0,368,1672533125000,"Saturday, December 31, 2022 09:32:05"
af199802cfa3ca88b4ed914d5d6eeac8,-0.4112741219,-0.8171371384,54.0,190,1672534381000,"Saturday, December 31, 2022 09:53:01"
af199802cfa3ca88b4ed914d5d6eeac8,-0.4144130629,-0.7902458688,380.0,395,1672533361000,"Saturday, December 31, 2022 09:36:01"
af199802cfa3ca88b4ed914d5d6eeac8,-0.4135769675,-0.7862611447,380.0,383,1672533241000,"Saturday, December 31, 2022 09:34:01"
af199802cfa3ca88b4ed914d5d6eeac8,-0.4081738315,-0.7696948948,364.0,350,1672532703000,"Saturday, December 31, 2022 09:25:03"
af199802cfa3ca88b4ed914d5d6eeac8,-0.4104488738,-0.8155991235,47.0,165,1672534501000,"Saturday, December 31, 2022 09:55:01"
af199802cfa3ca88b4ed914d5d6eeac8,-0.4058986104,-0.7628280394,272.0,355,1672532462000,"Saturday, December 31, 2022 09:21:02"
af199802cfa3ca88b4ed914d5d6eeac8,-0.4116965353,-0.8147673211,32.0,137,1672534625000,"Saturday, December 31, 2022 09:57:05"
af199802cfa3ca88b4ed914d5d6eeac8,-0.4087514426,-0.7714502334,379.0,351,1672532764000,"Saturday, December 31, 2022 09:26:04"
af199802cfa3ca88b4ed914d5d6eeac8,-0.4116615204,-0.814791998,32.0,137,1672534621000,"Saturday, December 31, 2022 09:57:01"
af199802cfa3ca88b4ed914d5d6eeac8,-0.4144270092,-0.7903777174,380.0,395,1672533365000,"Saturday, December 31, 2022 09:36:05"
af199802cfa3ca88b4ed914d5d6eeac8,-0.4009476577,-0.7518580823,120.0,318,1672532044000,"Saturday, December 31, 2022 09:14:04"
af199802cfa3ca88b4ed914d5d6eeac8,-0.4105399422,-0.7769216515,380.0,367,1672532940000,"Saturday, December 31, 2022 09:29:00"
af199802cfa3ca88b4ed914d5d6eeac8,-0.41459666,-0.7923098475,380.0,393,1672533422000,"Saturday, December 31, 2022 09:37:02"
af199802cfa3ca88b4ed914d5d6eeac8,-0.4136136512,-0.7863840524,380.0,384,1672533245000,"Saturday, December 31, 2022 09:34:05"
af199802cfa3ca88b4ed914d5d6eeac8,-0.4024575284,-0.7549314894,120.0,322,1672532164000,"Saturday, December 31, 2022 09:16:04"
af199802cfa3ca88b4ed914d5d6eeac8,-0.4008992329,-0.7517560367,120.0,317,1672532040000,"Saturday, December 31, 2022 09:14:00"
af199802cfa3ca88b4ed914d5d6eeac8,-0.4112244157,-0.8171033418,54.0,191,1672534385000,"Saturday, December 31, 2022 09:53:05"
af199802cfa3ca88b4ed914d5d6eeac8,-0.4111060804,-0.815176159,39.0,154,1672534561000,"Saturday, December 31, 2022 09:56:01"
af199802cfa3ca88b4ed914d5d6eeac8,-0.4039297023,-0.7578424105,189.0,322,1672532281000,"Saturday, December 31, 2022 09:18:01"
af199802cfa3ca88b4ed914d5d6eeac8,-0.4111408867,-0.778743272,380.0,368,1672533000000,"Saturday, December 31, 2022 09:30:00"
af199802cfa3ca88b4ed914d5d6eeac8,-0.4152800607,-0.8005318465,275.0,379,1672533663000,"Saturday, December 31, 2022 09:41:03"
af199802cfa3ca88b4ed914d5d6eeac8,-0.4157436873,-0.8062265489,199.0,362,1672533843000,"Saturday, December 31, 2022 09:44:03"
af199802cfa3ca88b4ed914d5d6eeac8,-0.4087127028,-0.7713301272,378.0,351,1672532760000,"Saturday, December 31, 2022 09:26:00"
af199802cfa3ca88b4ed914d5d6eeac8,-0.4093368613,-0.7732430641,380.0,354,1672532824000,"Saturday, December 31, 2022 09:27:04"
af199802cfa3ca88b4ed914d5d6eeac8,-0.4154400563,-0.8024564067,249.0,370,1672533723000,"Saturday, December 31, 2022 09:42:03"
af199802cfa3ca88b4ed914d5d6eeac8,-0.4099565201,-0.7750940704,380.0,365,1672532880000,"Saturday, December 31, 2022 09:28:00"
451e717d8c1a3154a89959736f9b28be,-0.3986915085,-0.7517558579,68.0,229,1672534320000,"Saturday, December 31, 2022 09:52:00"
451e717d8c1a3154a89959736f9b28be,-0.3992358332,-0.7524319693,37.0,211,1672534264000,"Saturday, December 31, 2022 09:51:04"
451e717d8c1a3154a89959736f9b28be,-0.3992153309,-0.7525794943,34.0,211,1672534260000,"Saturday, December 31, 2022 09:51:00"
451e717d8c1a3154a89959736f9b28be,-0.388028693,-0.7560036831,261.0,348,1672534746000,"Saturday, December 31, 2022 09:59:06"
451e717d8c1a3154a89959736f9b28be,-0.3994166887,-0.7533771425,7.0,161,1672534204000,"Saturday, December 31, 2022 09:50:04"
451e717d8c1a3154a89959736f9b28be,-0.3994948538,-0.7533748774,0.0,160,1672534200000,"Saturday, December 31, 2022 09:50:00"
451e717d8c1a3154a89959736f9b28be,-0.388028693,-0.7560036831,261.0,350,1672534742000,"Saturday, December 31, 2022 09:59:02"
451e717d8c1a3154a89959736f9b28be,-0.3896857454,-0.7553386584,226.0,377,1672534686000,"Saturday, December 31, 2022 09:58:06"
451e717d8c1a3154a89959736f9b28be,-0.3896857454,-0.7553386584,226.0,377,1672534682000,"Saturday, December 31, 2022 09:58:02"
451e717d8c1a3154a89959736f9b28be,-0.3913278977,-0.7546695804,202.0,360,1672534625000,"Saturday, December 31, 2022 09:57:05"
451e717d8c1a3154a89959736f9b28be,-0.3914440875,-0.7546106897,200.0,358,1672534621000,"Saturday, December 31, 2022 09:57:01"
451e717d8c1a3154a89959736f9b28be,-0.393156955,-0.7539593147,183.0,324,1672534565000,"Saturday, December 31, 2022 09:56:05"
af199802cfa3ca88b4ed914d5d6eeac8,-0.4149573577,-0.7965110608,327.0,400,1672533542000,"Saturday, December 31, 2022 09:39:02"
af199802cfa3ca88b4ed914d5d6eeac8,-0.4059248939,-0.7629039775,274.0,354,1672532466000,"Saturday, December 31, 2022 09:21:06"
af199802cfa3ca88b4ed914d5d6eeac8,-0.4117792896,-0.7807019269,380.0,368,1672533064000,"Saturday, December 31, 2022 09:31:04"
af199802cfa3ca88b4ed914d5d6eeac8,-0.4111273277,-0.8151592309,38.0,153,1672534565000,"Saturday, December 31, 2022 09:56:05"
af199802cfa3ca88b4ed914d5d6eeac8,-0.4121865348,-0.8166706019,65.0,256,1672534324000,"Saturday, December 31, 2022 09:52:04"
af199802cfa3ca88b4ed914d5d6eeac8,-0.403191142,-0.7563738366,147.0,324,1672532221000,"Saturday, December 31, 2022 09:17:01"
af199802cfa3ca88b4ed914d5d6eeac8,-0.4106897462,-0.816333172,51.0,178,1672534445000,"Saturday, December 31, 2022 09:54:05"
af199802cfa3ca88b4ed914d5d6eeac8,-0.4122500979,-0.8166284604,66.0,256,1672534320000,"Saturday, December 31, 2022 09:52:00"
af199802cfa3ca88b4ed914d5d6eeac8,-0.4132432088,-0.8159432888,79.0,254,1672534264000,"Saturday, December 31, 2022 09:51:04"
af199802cfa3ca88b4ed914d5d6eeac8,-0.4142007387,-0.788194169,380.0,386,1672533301000,"Saturday, December 31, 2022 09:35:01"
af199802cfa3ca88b4ed914d5d6eeac8,-0.4016218801,-0.7532725338,120.0,323,1672532100000,"Saturday, December 31, 2022 09:15:00"
af199802cfa3ca88b4ed914d5d6eeac8,-0.4032245476,-0.7564487018,149.0,325,1672532225000,"Saturday, December 31, 2022 09:17:05"
af199802cfa3ca88b4ed914d5d6eeac8,-0.4047450271,-0.7594576749,220.0,324,1672532345000,"Saturday, December 31, 2022 09:19:05"
af199802cfa3ca88b4ed914d5d6eeac8,-0.4105799337,-0.7770294193,380.0,367,1672532944000,"Saturday, December 31, 2022 09:29:04"
af199802cfa3ca88b4ed914d5d6eeac8,-0.4053443623,-0.7611886942,239.0,353,1672532406000,"Saturday, December 31, 2022 09:20:06"
af199802cfa3ca88b4ed914d5d6eeac8,-0.4016738511,-0.7533729104,120.0,323,1672532104000,"Saturday, December 31, 2022 09:15:04"
af199802cfa3ca88b4ed914d5d6eeac8,-0.4107108147,-0.8163707834,51.0,179,1672534441000,"Saturday, December 31, 2022 09:54:01"
af199802cfa3ca88b4ed914d5d6eeac8,-0.4161442871,-0.8113692397,131.0,331,1672534020000,"Saturday, December 31, 2022 09:47:00"
af199802cfa3ca88b4ed914d5d6eeac8,-0.4133101394,-0.8158973326,80.0,253,1672534260000,"Saturday, December 31, 2022 09:51:00"
af199802cfa3ca88b4ed914d5d6eeac8,-0.4075946111,-0.7679458148,345.0,347,1672532643000,"Saturday, December 31, 2022 09:24:03"
af199802cfa3ca88b4ed914d5d6eeac8,-0.416281903,-0.8131561099,108.0,324,1672534084000,"Saturday, December 31, 2022 09:48:04"
af199802cfa3ca88b4ed914d5d6eeac8,-0.4161535549,-0.8114843986,130.0,331,1672534024000,"Saturday, December 31, 2022 09:47:04"
af199802cfa3ca88b4ed914d5d6eeac8,-0.4143380864,-0.8151777683,90.0,282,1672534200000,"Saturday, December 31, 2022 09:50:00"
af199802cfa3ca88b4ed914d5d6eeac8,-0.4142377204,-0.7883176727,380.0,386,1672533305000,"Saturday, December 31, 2022 09:35:05"
af199802cfa3ca88b4ed914d5d6eeac8,-0.4117438873,-0.7805881389,380.0,368,1672533060000,"Saturday, December 31, 2022 09:31:00"
af199802cfa3ca88b4ed914d5d6eeac8,-0.410485468,-0.8155699165,47.0,167,1672534505000,"Saturday, December 31, 2022 09:55:05"
af199802cfa3ca88b4ed914d5d6eeac8,-0.4070188476,-0.7662079408,328.0,344,1672532583000,"Saturday, December 31, 2022 09:23:03"
af199802cfa3ca88b4ed914d5d6eeac8,-0.4122323968,-0.8143938296,27.0,134,1672534686000,"Saturday, December 31, 2022 09:58:06"
af199802cfa3ca88b4ed914d5d6eeac8,-0.4151206313,-0.7985588266,300.0,393,1672533602000,"Saturday, December 31, 2022 09:40:02"
af199802cfa3ca88b4ed914d5d6eeac8,-0.4129466106,-0.7843054106,380.0,371,1672533181000,"Saturday, December 31, 2022 09:33:01"
af199802cfa3ca88b4ed914d5d6eeac8,-0.3992745731,-0.7520968641,48.0,239,1672531923000,"Saturday, December 31, 2022 09:12:03"
af199802cfa3ca88b4ed914d5d6eeac8,-0.4046981221,-0.759362484,219.0,323,1672532341000,"Saturday, December 31, 2022 09:19:01"
af199802cfa3ca88b4ed914d5d6eeac8,-0.4111793583,-0.7788605171,380.0,368,1672533004000,"Saturday, December 31, 2022 09:30:04"
af199802cfa3ca88b4ed914d5d6eeac8,-0.4146080733,-0.7924400867,380.0,393,1672533426000,"Saturday, December 31, 2022 09:37:06"
451e717d8c1a3154a89959736f9b28be,-0.3975209989,-0.752215659,93.0,268,1672534381000,"Saturday, December 31, 2022 09:53:01"
451e717d8c1a3154a89959736f9b28be,-0.3986210318,-0.7517827402,71.0,225,1672534324000,"Saturday, December 31, 2022 09:52:04"
451e717d8c1a3154a89959736f9b28be,-0.3945478348,-0.7534107603,164.0,312,1672534505000,"Saturday, December 31, 2022 09:55:05"
451e717d8c1a3154a89959736f9b28be,-0.3947293756,-0.7533413788,162.0,311,1672534501000,"Saturday, December 31, 2022 09:55:01"
451e717d8c1a3154a89959736f9b28be,-0.3959682462,-0.7528437279,127.0,306,1672534445000,"Saturday, December 31, 2022 09:54:05"
451e717d8c1a3154a89959736f9b28be,-0.3960972499,-0.7527900825,124.0,305,1672534441000,"Saturday, December 31, 2022 09:54:01"
451e717d8c1a3154a89959736f9b28be,-0.3973992962,-0.7522638206,95.0,272,1672534385000,"Saturday, December 31, 2022 09:53:05"
